Nome,Sexo,Data de Nascimento,Cidade de Nascimento,Estado de Nascimento,Idade,Telefone
Isadora Barbosa,Masculino,1956-02-02,Rodrigues,MS,39,61 0185 8622
Luna Cardoso,Masculino,1996-08-20,Santos Alegre,PR,34,+55 41 2680-1576
Lavínia da Costa,Masculino,2000-10-13,Cardoso,AP,55,0300-628-8779
Bryan Freitas,Feminino,1952-06-10,Lima,PI,57,+55 (081) 8491 7105
Carolina Ribeiro,Masculino,1970-02-24,Martins,AC,45,(051) 3907 6613
Gabriela da Mota,Masculino,1993-05-14,da Cruz,RO,44,71 0173 6856
Joaquim Nunes,Feminino,1972-12-15,Silva da Mata,ES,31,(011) 1782 2483
Igor Souza,Masculino,1951-12-19,Pereira,CE,19,0800-174-7689
Stella da Rocha,Masculino,1945-11-06,Ribeiro,SP,56,(031) 4931-8201
João Lucas da Costa,Masculino,1968-12-30,Nogueira,GO,42,(081) 9264-4286
Eduardo Castro,Feminino,1979-11-19,Barbosa,RJ,18,(071) 9607-4381
Luiz Otávio Moreira,Feminino,1943-09-12,Duarte de Minas,SC,56,+55 81 6434-3346
Davi Araújo,Feminino,1982-10-31,Freitas da Serra,PE,20,+55 (021) 3836-1701
Sophia Lopes,Masculino,1971-05-18,da Cunha do Oeste,TO,35,31 5320 6427
Isaac Fernandes,Masculino,1956-02-19,Fogaça,AP,53,+55 11 2878 7872
Amanda Rezende,Feminino,1945-03-12,Dias,PA,54,0500 105 4393
Felipe Freitas,Masculino,1982-01-18,da Cruz da Prata,RR,69,+55 21 1321 3081
Vitor da Conceição,Masculino,1943-08-26,Ribeiro do Campo,AP,50,+55 (084) 6587 3986
Mariane Monteiro,Feminino,1945-11-01,Monteiro,SP,62,+55 11 8632 4789
Natália Gomes,Masculino,1950-07-25,da Conceição das Flores,MA,74,(011) 8703 2036
Joana Campos,Masculino,1949-08-07,Rezende do Norte,SC,70,0300 353 0792
Amanda Porto,Feminino,1957-11-05,Castro das Pedras,DF,43,51 0821 3114
Antônio Santos,Feminino,1954-08-27,Costa,SE,70,31 9293-8419
Luna Monteiro,Masculino,1997-06-23,Almeida,AM,52,+55 (041) 6886-2295
Maria Vitória Barbosa,Feminino,2001-05-26,Monteiro,AM,49,0300-365-6191
Laura das Neves,Masculino,1963-10-02,Teixeira de Lima,DF,56,(084) 3211-1068
Gustavo Henrique Costela,Masculino,1981-04-12,Oliveira,PR,40,0500-976-2948
Isabelly Dias,Feminino,1976-09-02,Araújo da Praia,CE,60,71 2820-4415
Emilly Ramos,Masculino,1996-01-06,Cardoso,AC,22,+55 31 9290-5477
Vitor Gabriel Cunha,Masculino,1963-05-11,Rezende de Cardoso,CE,43,0300-090-2924
Yuri Melo,Masculino,2005-01-28,Oliveira Paulista,SE,75,31 4145 2862
Milena da Conceição,Masculino,1968-07-27,Pires,RS,65,+55 (021) 8215-2519
Evelyn Nogueira,Masculino,1955-10-06,Cardoso,RS,49,(031) 0670-3665
Alexandre Jesus,Masculino,1984-05-23,Duarte de Goiás,RN,77,61 0713 4017
Benjamin Nunes,Masculino,1949-02-09,Ferreira do Galho,RR,26,+55 41 3377-7347
Fernanda Barros,Feminino,1951-08-05,Barros do Campo,PB,70,+55 81 6510 1373
Davi Luiz Ramos,Feminino,1987-11-24,da Conceição de Cavalcanti,RR,62,84 4192 7994
Caroline Peixoto,Feminino,1978-09-08,Souza,PR,30,+55 51 8774 8196
Maitê da Cunha,Masculino,1967-10-08,da Luz do Oeste,AC,51,+55 (041) 0690 5638
Caroline da Costa,Masculino,1961-05-29,Moraes,GO,46,+55 (011) 2805-3932
Sophia Alves,Masculino,1949-04-12,Dias,MS,66,0900 539 1952
Emanuel Ribeiro,Masculino,1959-09-16,Peixoto Grande,AP,56,(041) 6346 1737
Ana Clara Mendes,Feminino,1964-04-24,Freitas das Pedras,PB,50,41 8374-7979
Amanda da Rosa,Feminino,1973-02-22,da Mota,CE,42,+55 (051) 1963 8037
Pedro Duarte,Masculino,1942-12-17,Mendes do Sul,PA,69,+55 41 5449 5075
Ana Júlia Novaes,Feminino,1956-09-22,Fernandes,PE,25,0900-455-5680
Maria Vitória Nogueira,Feminino,1967-04-15,Freitas do Amparo,CE,22,+55 51 9551 0335
Sofia Rocha,Feminino,1957-02-08,Fernandes,AL,18,0900-032-2671
Lorena da Cunha,Masculino,1965-10-23,Aragão,RN,56,81 9196 2530
Enzo Gabriel Lima,Masculino,1950-07-19,Porto dos Dourados,TO,80,+55 71 9227 6519
Helena Silveira,Feminino,1998-04-24,Carvalho dos Dourados,MG,72,0900 339 2265
Mariane Alves,Feminino,1943-05-08,Ramos,AL,79,+55 (061) 0128-4285
Evelyn Porto,Masculino,1978-09-25,Cavalcanti,AL,37,71 9037-4270
Luna Porto,Masculino,1998-05-22,Araújo das Pedras,RN,18,(081) 1676-5684
Joaquim Costa,Masculino,2000-10-23,Freitas,PA,70,(021) 8549 6513
Bruno Costela,Feminino,1947-05-28,Peixoto,SE,49,+55 81 6760 0524
Pietra Rezende,Feminino,1949-04-29,Cavalcanti Paulista,RS,32,+55 (051) 5906 7257
Bianca Peixoto,Feminino,1999-07-19,Pereira do Norte,AM,32,+55 71 5948-3247
Bruno Aragão,Feminino,1990-11-22,Moreira do Galho,ES,34,+55 (081) 8662-4674
Esther Silva,Feminino,1960-02-12,Almeida das Flores,SE,22,21 7476-3084
Marina Sales,Masculino,1989-02-22,Melo das Flores,MT,42,11 7628-7545
Isabelly Gomes,Masculino,1962-09-07,Aragão dos Dourados,RN,61,+55 61 2905 9590
Manuela Castro,Feminino,1994-02-16,da Paz,MT,80,0900 592 6295
Benício da Mota,Masculino,1984-02-29,Rezende de Goiás,PI,45,(084) 9634 0529
Olivia Ramos,Masculino,1961-05-06,Duarte da Prata,MS,59,+55 (071) 4956-7351
Stella Silva,Feminino,1987-05-05,Fogaça,RS,40,+55 21 9562-3660
Kamilly Fogaça,Feminino,1950-06-01,Alves de Minas,RO,57,+55 (021) 2543 0549
Gustavo da Cruz,Masculino,1996-07-26,Costela de Cardoso,PB,19,+55 (041) 0800-6831
Camila Campos,Feminino,1949-02-28,Cardoso do Amparo,MA,38,31 8572 3239
Carlos Eduardo da Costa,Masculino,1961-02-18,Cunha,SC,50,+55 81 9806-0797
Vitor Gabriel Jesus,Masculino,1998-09-27,Ferreira Grande,TO,30,+55 51 9070 7911
Milena Pires,Feminino,1989-02-10,Cardoso,PR,70,51 9182 2885
Bruna Pinto,Masculino,1989-08-02,Costa Grande,BA,76,(081) 9525 3799
Carlos Eduardo da Cunha,Feminino,1990-09-05,Monteiro,BA,29,+55 51 7006 3727
Ana Júlia Novaes,Feminino,1985-02-23,Castro Paulista,MT,28,+55 21 1012-7756
Nathan Moreira,Masculino,2001-10-10,Silveira,AM,43,+55 21 6606 2129
Kevin Azevedo,Feminino,1949-12-30,Vieira da Mata,GO,20,41 1541 5205
Vinicius Porto,Masculino,1985-02-04,das Neves,PA,42,84 7603 1344
Enzo Gabriel Araújo,Feminino,2000-06-28,da Paz,SE,64,(084) 6405 5251
Felipe Viana,Feminino,2000-03-10,Melo de Goiás,AL,38,31 2446-9547
Arthur Vieira,Masculino,1946-09-23,Farias,SC,58,84 4678-2779
João Gabriel Castro,Feminino,1976-09-26,Ramos,RN,42,+55 51 5541 4419
Vitória Cavalcanti,Feminino,2005-01-16,Costela Verde,RO,67,+55 (011) 2443-5355
Vicente Souza,Masculino,1970-10-24,Gonçalves,ES,76,(041) 6216 9593
Samuel da Luz,Masculino,1983-05-08,Moraes,CE,32,(031) 4621-3505
Pietro Pinto,Feminino,1943-03-28,Monteiro de Campos,MA,71,+55 (011) 8009 4602
Luna da Luz,Masculino,1987-01-02,da Mota de Freitas,RO,37,+55 71 0992 4294
Eduarda Barros,Masculino,1953-08-25,Gomes,MS,70,+55 41 2586 8834
Julia Pires,Feminino,1956-10-15,Araújo,RN,53,81 8980-4922
Marcela Moraes,Masculino,1954-12-03,Gomes,GO,71,(061) 8057 7136
Cauê Nascimento,Feminino,1973-03-04,Costela,SC,63,(011) 5831 1128
Emilly da Conceição,Feminino,1978-07-26,da Cruz de Pires,RR,30,(011) 6814-0263
Joaquim Azevedo,Feminino,1980-09-14,Moura,AC,30,0300-194-4942
Maria Eduarda Peixoto,Masculino,1956-03-21,Ribeiro,RN,28,+55 84 6565 4925
Ian Melo,Feminino,1988-08-08,Alves Alegre,SE,29,(071) 5601-0948
Ian Caldeira,Masculino,1970-12-29,Melo,RJ,48,+55 81 5282 4124
Vicente Ramos,Feminino,1952-07-21,Aragão,AP,77,61 0782 9486
Anthony da Conceição,Feminino,1982-05-05,Caldeira,PA,79,0800-892-5203
Vicente da Rocha,Feminino,2003-05-11,Cunha Grande,MS,48,(061) 2465-6057
Bernardo Viana,Feminino,1966-06-23,Costa,PE,67,21 6106 3542
Catarina Viana,Feminino,1962-07-18,Ferreira,RJ,66,(081) 4080-1013
Ana Lívia Nascimento,Masculino,1982-09-23,Freitas,RR,62,(011) 3762 6820
Lorena Farias,Masculino,1992-06-07,Silva do Amparo,BA,52,+55 (031) 5226 4848
Juliana Gonçalves,Feminino,1996-04-01,Carvalho,AM,31,31 1729-7806
Noah Moraes,Masculino,1989-01-09,Sales,CE,63,0300-233-8817
Helena Castro,Feminino,1999-09-16,da Cunha,PR,35,21 9330 6684
João Nunes,Masculino,1990-03-11,Gomes de Fernandes,BA,58,21 1276 5723
Laís Farias,Feminino,1985-06-28,da Costa do Amparo,DF,46,(011) 5918 8756
Isadora Barbosa,Feminino,1996-03-12,Souza de Aragão,AC,69,+55 (051) 4583 9175
Larissa Azevedo,Masculino,1958-01-19,Campos de Martins,MA,76,+55 (021) 8242 1570
Luiza Jesus,Feminino,1976-12-08,Vieira,AP,34,+55 31 2534 3932
Maria Porto,Masculino,1997-02-14,Farias de Pinto,GO,45,+55 71 4032-2154
Noah Castro,Feminino,1996-06-10,Castro de Costa,MT,68,+55 (084) 0908 3871
Enzo Gabriel da Rosa,Masculino,2002-04-11,Teixeira de Goiás,PB,21,(051) 7429-7869
Catarina da Cunha,Masculino,1960-09-27,Oliveira,PR,26,0500 953 2288
Gabriel da Conceição,Feminino,1943-11-27,Costa dos Dourados,SE,33,(081) 3729-2636
Calebe da Cunha,Masculino,1975-05-26,Silva,CE,21,+55 61 0272 1743
Marcos Vinicius Oliveira,Feminino,1994-06-22,da Rosa,RR,34,0800-731-2886
Luiz Otávio Pires,Masculino,1956-09-01,Oliveira,CE,76,(084) 5500-2065
Manuela Almeida,Masculino,1965-07-23,Melo,CE,45,+55 (041) 9393 2056
Kaique da Costa,Masculino,1971-09-02,Teixeira,AL,51,+55 81 1962-2651
Marcela Pinto,Feminino,1986-06-13,da Cunha do Norte,MS,50,41 7066-3278
Beatriz Cavalcanti,Feminino,1981-07-25,Duarte,MT,39,(084) 6992-4407
Kaique da Mata,Feminino,1948-03-26,Correia do Norte,MG,52,+55 (061) 0484-6656
Stella Porto,Feminino,1994-05-29,Jesus do Oeste,SP,38,(051) 4936-3003
Bárbara Barbosa,Masculino,1960-07-29,da Cunha da Prata,PA,50,+55 (011) 0141 8326
Maria Vitória Campos,Feminino,1969-01-20,da Cunha de Mendes,MT,44,21 7927-4463
Vinicius Porto,Masculino,1953-08-31,da Mota da Prata,AM,68,(081) 7343 3079
Daniel Cardoso,Masculino,2000-11-17,Rezende de Mendes,SP,79,+55 21 6391-6784
Bryan Rezende,Feminino,1968-11-06,Almeida,RR,25,+55 (061) 9283 5946
João Lucas da Paz,Feminino,1987-09-01,Fernandes,RN,76,+55 21 0522 5205
Pedro Silveira,Feminino,1950-02-21,Azevedo,RJ,29,+55 (081) 2683 8642
Isaac da Mota,Feminino,1994-10-21,Porto,SC,58,+55 (084) 4931 8768
Maria Clara Porto,Feminino,1945-04-17,Santos,RO,60,+55 (084) 6523-4532
Breno Farias,Feminino,1998-08-11,Peixoto,PA,57,61 4175 6298
Pietra da Cunha,Masculino,1963-06-15,Farias,AP,18,+55 31 4260-7804
Ana Laura Alves,Feminino,1995-01-02,Campos de Silva,GO,24,(021) 8996 6508
Bruno da Rosa,Feminino,1978-08-29,Campos,SP,77,+55 (031) 2068-5796
Júlia Ribeiro,Masculino,1973-11-29,Sales de Farias,MS,22,0800 291 9543
Camila Barbosa,Masculino,1961-05-01,Santos,MS,65,0500 872 5011
Vicente Silva,Masculino,1968-12-01,da Cruz de Cunha,AC,42,(051) 8794-2220
Rodrigo da Conceição,Masculino,1948-06-17,Lopes do Oeste,RO,21,(031) 3967 2897
Laura Rocha,Feminino,1950-01-27,Rezende da Praia,SE,19,+55 (021) 9839 0284
Olivia da Mata,Feminino,2004-02-20,Cardoso,PA,53,+55 71 4366-9267
Anthony Barros,Masculino,1987-04-14,Pires de Martins,AP,74,0800 000 8145
Manuela Porto,Masculino,1962-08-01,Aragão do Oeste,AC,44,11 7378-1237
Joana Duarte,Masculino,1960-03-11,da Conceição,SP,55,(021) 7971 0861
Marcela Oliveira,Feminino,1970-10-07,Azevedo de Jesus,AM,54,0900 147 1104
Maria Sophia Cardoso,Masculino,1966-11-25,Jesus,AL,57,(081) 6407 8636
Mariana Rocha,Masculino,1993-12-01,Novaes,SC,49,+55 31 1824-5123
Luigi Santos,Masculino,1972-05-01,Correia,BA,77,+55 (084) 9121-7952
Paulo Costela,Masculino,1965-04-18,Ribeiro Paulista,GO,19,+55 21 8185-3927
Vitor Gabriel Castro,Masculino,1992-08-23,Moreira do Campo,SP,21,(084) 7519 1158
João Pedro das Neves,Feminino,1994-01-07,Nogueira,RR,28,(081) 3628-4542
Ana Sophia Alves,Feminino,1947-02-23,Ribeiro,RJ,78,21 3734-7530
Eloah Cardoso,Masculino,1991-03-29,Araújo das Pedras,SC,27,+55 (061) 6465-7827
Agatha da Mata,Masculino,1964-05-30,Mendes,SE,63,61 2593-0589
Leandro Nogueira,Masculino,1956-03-07,Pinto,AC,26,(021) 6408-1808
Juliana das Neves,Masculino,1964-02-02,Caldeira do Galho,MG,55,+55 61 8843 3439
Laís da Cunha,Masculino,1987-01-21,Silva Paulista,BA,79,+55 41 0021-6694
Yago Cavalcanti,Feminino,1967-07-30,Monteiro de Peixoto,PB,59,(084) 7650-5741
Maria Novaes,Feminino,1977-04-09,Martins,MT,44,21 9983-3794
Stella Novaes,Masculino,1986-05-22,Farias das Flores,AL,73,41 6080-7540
Alexandre Viana,Feminino,2002-10-23,Martins,MA,51,+55 71 3752 0631
Bruna da Conceição,Feminino,2001-09-01,da Mota,PE,31,+55 61 8305 6023
Juliana Mendes,Masculino,1987-08-05,Barros de Castro,AL,33,+55 41 5030-8482
Isis Rocha,Masculino,2002-04-27,Carvalho,SP,36,11 5003 6465
Murilo Costela,Feminino,1991-01-31,Mendes,PA,33,(081) 9533 9471
Joana Dias,Masculino,1999-02-08,da Cunha,ES,58,51 9672 6572
Pedro Lucas Jesus,Masculino,1972-09-10,Farias,PI,70,21 9289 9059
Paulo Viana,Feminino,1959-04-06,Barros,TO,34,(081) 1865 9253
Melissa Martins,Masculino,1993-04-09,Novaes,SC,23,51 1843 0139
Benjamin da Cruz,Masculino,1967-10-13,Silva de Oliveira,PR,79,(041) 3892 5522
Nicole Barros,Feminino,1947-11-13,da Rocha Paulista,RN,19,(051) 3891-9885
João Gabriel Barros,Masculino,1945-06-10,Novaes,ES,31,(051) 4283 1604
Enzo Rodrigues,Masculino,1964-08-20,Alves da Prata,PE,44,0300 009 8303
Ana Vitória Cavalcanti,Masculino,1965-07-05,Oliveira das Flores,PB,46,+55 (071) 1613-0208
Sophia Barbosa,Masculino,1998-10-30,Fernandes dos Dourados,RJ,48,+55 21 4983 8321
Breno Caldeira,Feminino,1977-05-27,Cardoso do Norte,PA,51,51 1298 3915
Carolina Sales,Masculino,1978-05-30,Farias,DF,76,(041) 1611-6631
Laís Barbosa,Feminino,1962-10-17,da Cunha de Monteiro,PA,70,+55 51 9843 7892
Manuela Rodrigues,Masculino,1947-03-04,Castro da Prata,AC,51,(061) 9168 4329
Letícia Oliveira,Feminino,1977-02-22,Viana da Mata,GO,64,81 3824 3656
Ana Clara da Mota,Masculino,1971-04-02,da Rocha,MG,35,11 1741 5490
Rafael Pereira,Feminino,1967-06-25,Barros Grande,PA,35,+55 (041) 4865 1977
Esther Alves,Masculino,1976-05-04,Sales,RJ,48,+55 71 5323 5635
Gabriel Porto,Masculino,1980-03-10,da Paz de Fogaça,MT,61,+55 (071) 8053 2924
Stephany Martins,Masculino,1985-05-21,da Luz de Sales,RO,53,+55 (041) 4931-2541
Alice Nascimento,Masculino,1978-09-08,da Conceição do Oeste,AC,29,(081) 8613-7776
Maria Eduarda Silva,Masculino,1950-11-18,Costa,DF,78,+55 (071) 8303 1838
Lorena Cardoso,Feminino,1950-06-16,Almeida,PI,71,+55 (021) 6123-0969
Catarina Novaes,Feminino,1997-03-26,Gonçalves do Campo,GO,68,+55 31 0148-7913
Lucca Moraes,Feminino,1967-03-12,Rocha,PI,74,81 9009-6733
Pedro Miguel Porto,Masculino,1981-08-24,Ferreira de da Cunha,SC,53,(051) 1102 2741
Maria da Mota,Feminino,1988-10-27,Correia,AM,80,+55 41 2582 5296
Larissa Sales,Masculino,1988-06-23,Moraes,AP,61,(081) 7583 0828
Daniela Farias,Masculino,1981-04-08,das Neves das Flores,AC,39,71 4266-4455
Isabel Cardoso,Feminino,1982-11-26,Campos,PE,50,(021) 6510 1973
Matheus Teixeira,Feminino,1969-05-30,Azevedo,RJ,20,+55 (061) 1069 6754
Heitor Gonçalves,Masculino,1945-12-01,Oliveira,ES,75,+55 41 2239 3757
Maria Sales,Masculino,1994-02-13,Dias dos Dourados,MT,40,0900-531-3467
Enzo Pires,Feminino,1954-07-18,Silva de Fogaça,PE,53,(084) 1568-1075
Noah da Mata,Feminino,1972-07-16,Rodrigues,PR,59,(011) 3075-4484
Heitor Viana,Masculino,1958-11-08,Almeida,SP,65,0500-941-3278
João Vitor Aragão,Masculino,1955-03-18,Correia,MG,60,0300 427 6691
Bruna Nunes,Feminino,1982-05-29,da Cruz,ES,69,0500-127-6692
Valentina da Mota,Masculino,1998-11-07,Jesus,PE,34,(071) 9323-2308
Joaquim Duarte,Masculino,2004-08-21,Gonçalves do Oeste,MT,22,71 6143 4702
Arthur da Mata,Masculino,1946-08-06,Silva Grande,AC,80,(081) 1040 9212
Rafael Pinto,Feminino,1986-10-08,Pereira,RJ,67,+55 (011) 6805-7737
Enrico Duarte,Masculino,1949-05-14,da Conceição do Galho,MT,37,(031) 9934 8378
Cecília Monteiro,Feminino,1964-03-30,Carvalho Grande,RR,74,+55 11 4786-5368
Theo Pereira,Masculino,1946-05-19,Cavalcanti Grande,PE,48,(051) 0204-9506
Letícia da Conceição,Masculino,1960-03-04,Ferreira,SP,38,(081) 9765-6903
Júlia Porto,Masculino,1954-11-20,Nunes de Jesus,PI,61,+55 81 3989 8823
Luiz Otávio Monteiro,Feminino,1955-07-07,Vieira,RO,57,(071) 8006 9778
Vinicius Mendes,Masculino,1954-06-27,Melo do Galho,DF,25,+55 61 8371-2014
Bernardo Gomes,Masculino,1970-12-30,Lima,RO,29,+55 11 7069-1628
Julia Pinto,Masculino,1945-03-08,Alves,AL,55,(084) 2894-0542
Kevin Costa,Masculino,1965-08-11,da Conceição,MG,22,+55 (031) 5763 4898
Maria Vitória Aragão,Masculino,1983-04-25,Araújo,ES,50,+55 11 9600 8115
Diego Monteiro,Feminino,1980-07-02,Caldeira,RN,79,71 5882 9293
Benício Sales,Masculino,1995-02-21,Souza do Oeste,PA,35,+55 (081) 6719-9121
João Felipe Azevedo,Masculino,1945-10-31,Jesus,RS,40,(061) 2016 2523
Gustavo Henrique Alves,Masculino,2000-05-02,Peixoto das Flores,MG,52,+55 71 0590 8813
João Pedro Azevedo,Masculino,1951-09-16,Costa da Praia,RN,80,(081) 7108 5337
Enrico Nogueira,Feminino,1963-09-10,Viana do Galho,PR,25,+55 31 3643 4938
Juan Ramos,Feminino,1977-04-27,Gomes do Campo,MS,80,0500 150 1840
Murilo Cavalcanti,Masculino,1989-12-08,Ferreira,GO,52,84 5696-2720
Isabelly Lopes,Feminino,1954-02-10,Teixeira,AL,31,+55 (084) 9069-8801
Vitor da Paz,Masculino,1987-11-03,Melo,RJ,65,+55 81 8239-8118
Kamilly Martins,Masculino,1982-11-23,Oliveira,TO,49,(031) 7216 0829
Luana Cardoso,Feminino,1959-02-12,Vieira Verde,PA,38,11 2593-4251
Maysa Peixoto,Masculino,1983-05-15,Nascimento,CE,53,61 8972-1445
Maria Eduarda Costa,Feminino,1978-08-07,Pires do Galho,SE,44,+55 (084) 0622-4999
Letícia Aragão,Feminino,2004-01-03,Souza,MS,58,+55 (031) 6547-1796
Leandro Rocha,Masculino,1966-12-13,Aragão,PA,76,41 4329 5679
Lorenzo Peixoto,Feminino,1975-09-27,Sales Paulista,SP,42,(071) 0320 8074
Juliana Aragão,Feminino,1975-11-28,Nunes de da Mata,PI,61,71 2554-4247
Gabriel Pereira,Feminino,1991-12-29,Farias do Amparo,AM,36,(051) 3801 5912
Júlia Porto,Feminino,1992-04-07,Cunha,DF,37,+55 (081) 1175 7782
Felipe Costela,Feminino,1968-05-17,Nogueira Grande,RN,78,(081) 0246 7734
Milena Cardoso,Feminino,1947-06-07,Novaes,DF,22,+55 (084) 4148 5636
Leandro Mendes,Masculino,1952-09-20,Cavalcanti,SE,30,+55 61 6938 1465
Maria Luiza das Neves,Feminino,1982-12-21,Cardoso de Mendes,MG,63,+55 (071) 9388-5222
Eloah Moreira,Masculino,1958-10-05,das Neves,SE,55,+55 (031) 0345 0684
Emanuella Costela,Feminino,2004-03-29,Souza de Sales,RO,32,71 0776-5864
Thales Lima,Feminino,1977-08-05,Peixoto de Dias,PR,78,(061) 8761 9120
Luna das Neves,Masculino,2003-12-13,da Paz,RS,30,+55 84 7907 5843
João Pedro Rocha,Feminino,1951-07-29,Novaes da Mata,PR,69,(021) 2547 3015
Miguel Pinto,Feminino,1977-11-12,Pereira das Pedras,AP,48,(084) 1905 2826
Evelyn Sales,Feminino,1980-11-12,Pires,AC,58,84 9612-9150
Rodrigo Duarte,Masculino,1952-09-01,Melo,PA,59,(051) 3433 8421
Yago Moura,Masculino,1945-12-28,Viana Paulista,SP,39,(081) 4870 1470
Bruna Viana,Masculino,1947-09-25,Souza,AC,49,+55 41 5181 5505
Kevin Teixeira,Feminino,1997-10-21,da Cunha dos Dourados,AL,22,31 8857 0348
Luiz Henrique Rodrigues,Masculino,1948-02-23,Silva de Lima,AC,32,+55 11 8028 1426
Maria Sophia Barbosa,Masculino,2003-10-27,da Luz,AC,24,0800-201-2138
Emanuelly Nunes,Feminino,1946-11-16,Farias da Mata,PA,66,+55 84 3203-6697
Ana Julia Barbosa,Feminino,1955-07-15,Campos Paulista,RS,18,+55 21 0749-6298
Bruna Aragão,Masculino,1972-06-14,Sales da Serra,BA,40,+55 (051) 6176 9222
Vicente Fogaça,Masculino,1980-10-03,Dias da Mata,PB,51,(051) 4616-9968
Maria Vitória Correia,Masculino,1974-04-05,Cardoso,RJ,48,0800-837-5298
Ana Sophia Oliveira,Feminino,1985-03-21,da Rosa do Norte,AP,55,+55 51 8988 8501
Juan Gomes,Masculino,1978-12-30,Mendes,AM,54,+55 (021) 6767-5331
Luigi Novaes,Feminino,1963-10-12,Almeida do Sul,RN,31,+55 (071) 6282-5073
Vinicius Souza,Masculino,1986-07-02,Almeida das Flores,RR,51,51 4196 2575
Francisco Cavalcanti,Feminino,1980-11-23,Souza,AP,52,0900 464 6414
Heloísa da Paz,Feminino,1968-05-16,Melo,PR,25,+55 71 0378-9294
Ana Beatriz Campos,Masculino,1973-10-29,da Costa,DF,24,+55 31 2262-6400
Lucca Duarte,Feminino,1969-06-16,Rezende,RS,61,+55 84 6736 7537
Laís Jesus,Feminino,1967-08-11,Pinto da Praia,PB,30,+55 (071) 8121 6217
Gustavo Ramos,Masculino,1952-03-01,Porto,MT,43,41 6590-3641
Lara Cunha,Masculino,1964-10-18,Gonçalves Paulista,BA,55,21 2690 7877
Joaquim Pereira,Feminino,1979-02-18,Nogueira Alegre,RR,57,+55 (041) 6297 4023
Nathan da Costa,Masculino,1944-01-06,Porto,ES,52,+55 (061) 1600-3037
Danilo Cavalcanti,Feminino,1981-06-02,Silva,RN,24,31 1155-8849
Matheus Jesus,Masculino,1988-05-12,da Conceição da Prata,SP,28,61 0238-6947
Kamilly Fogaça,Feminino,1963-04-06,Dias do Galho,RO,43,61 3466-8568
Maria Julia da Cruz,Masculino,2000-10-28,Fernandes,RR,36,+55 84 8627 0911
Daniel Lopes,Feminino,1984-03-08,Freitas Paulista,RN,63,(084) 5929 1068
Levi Silveira,Feminino,1997-08-23,Fogaça dos Dourados,AC,37,+55 (031) 8788-8759
Guilherme Dias,Masculino,1967-07-16,Moraes,SC,55,21 0392 8108
Yago Santos,Feminino,1983-07-22,Teixeira de Pires,MG,22,+55 71 6035-8293
Emanuella Caldeira,Feminino,1968-09-20,Nogueira Verde,RS,27,+55 (041) 2655 8930
Vitor Hugo da Cruz,Feminino,1979-04-20,Martins,MS,45,+55 51 0843 1536
Lavínia da Luz,Feminino,1972-09-04,da Mota,MA,51,+55 (041) 1385-3250
Gustavo Henrique Santos,Feminino,2001-08-09,Costela da Praia,GO,37,+55 61 1536 7671
Davi da Paz,Feminino,1978-08-26,Correia,SE,80,(071) 0924-7355
Cauã Monteiro,Masculino,1973-09-15,da Luz,SC,55,+55 11 1960-8107
Luiza Almeida,Feminino,1971-07-11,Viana,GO,19,+55 (031) 1713-2291
Larissa Alves,Masculino,1987-08-19,Gonçalves,MG,78,81 0078-6337
João Guilherme Souza,Masculino,1965-03-25,Sales,PR,70,+55 (031) 2903 5573
Otávio Moreira,Feminino,1954-09-06,Cardoso,PI,51,+55 41 4198 2600
Isaac Melo,Masculino,2004-09-30,Caldeira de Sales,PR,26,84 2018 2726
Luiz Miguel Dias,Feminino,1961-08-04,Aragão,RJ,66,11 8377 1067
Valentina da Conceição,Feminino,1980-10-09,Caldeira Verde,PR,60,0300-777-5594
João Miguel Lopes,Feminino,1944-11-12,Lopes,MA,35,+55 (071) 9091-5946
João Pedro Ferreira,Feminino,1991-09-02,Gonçalves,MG,55,(081) 0679-1279
Pedro Lucas Mendes,Feminino,2003-10-04,Monteiro,TO,29,+55 31 8059 2702
Rafael Teixeira,Masculino,1973-09-03,Ferreira do Amparo,AP,72,(021) 6847 3367
Rebeca Castro,Feminino,1999-03-10,Viana da Serra,BA,65,+55 (071) 8826-8490
João Felipe da Rosa,Masculino,1961-11-01,Cardoso do Oeste,AC,70,41 3613 9331
Beatriz Novaes,Masculino,1960-01-21,Silva de Oliveira,AC,71,(071) 6696-6634
Julia Santos,Feminino,1985-09-26,Alves,RJ,27,(051) 5058-3565
Caroline Moraes,Masculino,1951-11-16,da Mota,PE,57,0900 746 7947
Clarice Ramos,Masculino,1992-05-13,Barros,AM,55,(081) 6265-9533
Thomas da Mota,Feminino,1996-12-16,Nogueira Verde,PA,62,0500-073-8658
Júlia das Neves,Masculino,1977-03-29,Correia Grande,AM,68,81 8759 5252
Vitor Fernandes,Masculino,1985-03-29,Lima,ES,21,+55 11 2557 6905
Maria Sales,Feminino,1977-08-25,Martins,TO,26,+55 84 9013-1066
Kaique Jesus,Feminino,1961-04-29,da Cruz Verde,AM,29,0800 988 2394
Gustavo Henrique Silva,Feminino,2005-06-24,Araújo de Castro,RR,20,0500-748-9388
Bruna Nogueira,Masculino,1945-07-08,Castro da Mata,PB,70,+55 (021) 0386 8287
Marina da Mota,Feminino,1974-01-01,da Mota,BA,53,+55 (021) 5374-0000
Luiz Felipe Pires,Masculino,2002-07-21,Nogueira do Norte,RJ,43,0500 302 7994
João Lucas Rezende,Masculino,1974-09-23,Viana,DF,20,31 9142-1565
Isabel Nunes,Feminino,1949-04-22,Moraes,PI,49,+55 (081) 4013-5059
Maria Cecília da Paz,Masculino,1960-11-12,Cardoso Grande,CE,26,(021) 0708-3563
Nicole Costela,Masculino,1949-05-31,da Mota da Mata,PR,54,0300-405-0626
Anthony Campos,Feminino,1948-02-12,Mendes,AM,60,41 5577 1370
Camila Gonçalves,Masculino,1971-11-10,da Cruz de Ramos,CE,25,+55 (021) 0298 8841
João Guilherme Peixoto,Feminino,1999-08-06,Nascimento do Galho,MA,40,0500 815 5499
Emilly Moura,Masculino,2005-10-11,Pinto,PI,58,0500 394 7535
Esther Freitas,Masculino,1958-11-08,Martins de Campos,SP,23,+55 (051) 4723 3050
Ana Laura Moraes,Masculino,1962-06-26,Cunha,RN,69,+55 (031) 2820 8703
Isabelly Carvalho,Feminino,1958-11-02,Viana de da Rosa,RR,32,0500-563-5400
Kamilly Carvalho,Feminino,1946-10-14,Santos,RR,66,+55 (084) 7120-9698
João Guilherme Silva,Masculino,1979-05-16,Moreira,ES,30,+55 84 5622-0706
Lucca da Conceição,Masculino,1958-05-07,Alves,AP,73,+55 61 7981-6350
João das Neves,Masculino,1996-12-31,Alves,SC,42,11 3448 4608
Marina Nascimento,Masculino,1980-09-01,da Paz das Flores,RS,27,61 4375-3292
Samuel Pires,Feminino,1995-01-22,Moreira Verde,AC,39,+55 (021) 8490 8299
Levi Costa,Masculino,1975-01-16,Rodrigues,PR,53,(041) 6714 9993
Julia Fernandes,Masculino,2002-06-06,Silveira,SC,56,+55 51 9373 9166
Leonardo Correia,Masculino,1980-10-12,Rocha,PE,64,+55 31 4972 2542
Isabella Moraes,Feminino,1982-04-09,Azevedo,MT,26,71 8494-4571
Evelyn Ferreira,Masculino,1993-06-07,Freitas do Norte,ES,40,41 3873 6543
Brenda Gonçalves,Masculino,1952-04-25,Araújo,SC,77,61 5794 7908
Luiz Fernando Martins,Feminino,1985-12-18,da Conceição de Minas,MG,39,0500-171-5240
Luana Silva,Feminino,1985-02-18,da Mota da Mata,BA,48,+55 21 8959 5674
Emanuella Pires,Masculino,1945-01-20,Ferreira de Campos,TO,53,+55 61 9334-4440
Stephany Nogueira,Feminino,1953-01-18,Novaes do Campo,RR,66,+55 (011) 9735-0048
Clara Moreira,Feminino,1994-06-26,Lima Alegre,BA,43,(081) 5509 2007
Alana Fogaça,Feminino,1973-09-07,Barros Grande,PI,56,+55 (021) 8141-6880
Gustavo Henrique Ferreira,Feminino,1965-05-15,Ferreira,PB,73,81 2188-2797
João Miguel Cardoso,Masculino,1991-06-02,Ramos das Pedras,PR,77,0800 463 7697
Mariana Farias,Feminino,1996-09-04,Lopes dos Dourados,SC,61,+55 11 4838 5252
Enrico Gomes,Masculino,1983-03-03,Nogueira,PE,53,(071) 8715-1875
Anthony das Neves,Feminino,1971-11-09,Nascimento,SP,71,(051) 7599 7559
Camila da Cunha,Masculino,1944-11-15,Farias de Goiás,PA,61,+55 (031) 6171-8679
Anthony Nogueira,Masculino,1948-08-09,Moraes,MT,65,(031) 8470-2203
Rafael Nascimento,Feminino,1951-07-17,Martins,TO,20,84 4963 5975
Laís Nascimento,Masculino,1982-11-29,Moraes,AC,25,84 8827 1521
Ana Lívia Farias,Feminino,1958-07-09,Costa do Amparo,AC,39,+55 (031) 2180 3336
Rodrigo Dias,Feminino,1954-05-31,Moreira,PI,74,84 7721 7382
Vitor Gabriel Moura,Masculino,1950-05-16,Peixoto,SC,61,+55 21 3630-7432
Calebe Duarte,Masculino,1960-07-21,Gomes Alegre,RN,66,+55 (041) 8011 5014
Luiz Miguel Oliveira,Masculino,1962-08-26,Farias,DF,63,+55 (031) 9779 7531
Gabriel Moura,Feminino,1991-03-23,Costa dos Dourados,PB,65,+55 31 0905-6262
Clarice Castro,Feminino,1966-08-16,Fogaça de Goiás,RN,36,11 0621-2577
Cauã Viana,Feminino,2004-04-14,Peixoto de Minas,CE,69,31 2374-4431
Benício Duarte,Masculino,1985-02-28,Freitas da Serra,MA,40,+55 (061) 7748 6500
Daniel Moreira,Feminino,1950-08-03,Viana Grande,RO,33,31 5996 0505
Heloísa Barbosa,Feminino,1957-03-03,Aragão da Praia,SE,28,0900 437 3837
Maria Luiza Pinto,Feminino,1977-05-30,Barros,GO,31,+55 84 9318 7322
Benício Freitas,Feminino,1961-10-12,Ribeiro das Flores,BA,39,(071) 1391-8658
Luana Correia,Masculino,2004-09-17,Campos do Amparo,MA,59,+55 84 1211-4269
Yasmin Moura,Masculino,1957-10-07,Pereira,RJ,20,41 5054 0261
Larissa da Rocha,Masculino,1967-12-21,Moreira do Oeste,ES,59,(071) 5123 8058
Gustavo Ramos,Masculino,1946-10-09,Cavalcanti Alegre,DF,45,+55 84 2203 3631
Marina da Mota,Feminino,1953-06-01,Barbosa de Nogueira,ES,79,+55 (031) 3629 1666
Manuela da Rocha,Masculino,1957-12-12,Ramos de Lima,RR,31,11 5298 7778
Mirella Teixeira,Masculino,1992-02-07,Martins,AC,48,81 1824-3062
Augusto Rezende,Feminino,1999-11-05,Nogueira,PB,69,+55 81 9699-2656
Milena Ribeiro,Masculino,1992-09-23,Nogueira,RJ,53,+55 (084) 5939 9432
Valentina Melo,Masculino,1962-06-03,Silva,CE,65,+55 71 9519-8721
Caroline Cunha,Masculino,2004-09-15,Costela,ES,22,+55 41 6265-6900
Cecília Porto,Feminino,1971-08-11,Cardoso,AP,41,+55 (084) 5409 7330
João Vitor Nascimento,Masculino,1977-06-26,Mendes,MS,49,0300 379 8392
Eloah Teixeira,Feminino,1949-04-06,Nogueira da Serra,RR,36,84 3749 0226
Gustavo Henrique Cunha,Masculino,1955-08-28,Azevedo,PR,39,0900-580-7601
Davi Lucas da Luz,Masculino,2002-09-10,Alves,AC,41,+55 61 1899 8119
Clara da Cruz,Feminino,1957-09-26,Fogaça da Prata,AC,19,41 7348 4738
Kevin das Neves,Masculino,1952-06-11,Freitas,DF,47,31 1841 5316
Joana Novaes,Feminino,1951-05-15,Teixeira do Norte,PE,26,+55 (084) 0310-8734
Heitor Barros,Masculino,1979-05-25,Campos Verde,PI,71,0300-895-9868
Bruno Carvalho,Masculino,1999-08-13,Peixoto,AM,37,+55 11 9284 8951
Maria Vitória Fernandes,Masculino,1984-02-01,Oliveira,GO,67,+55 81 0721 0638
Mirella Lopes,Masculino,1978-07-30,Nascimento da Serra,RS,41,61 1680 0273
Arthur Nunes,Masculino,1989-03-14,Pires,SE,40,+55 (011) 2802-2327
Juan Silveira,Masculino,1965-02-23,Nogueira do Amparo,AC,51,31 1155-0810
Renan Fernandes,Masculino,1990-09-11,Duarte,AP,73,(061) 4387-2032
Maria Caldeira,Masculino,1965-10-14,da Cruz,TO,63,84 2204-3441
Lorenzo Silva,Feminino,1982-11-30,Moraes,AC,42,+55 41 5340-7302
Luiz Henrique Lima,Masculino,2004-01-31,Cunha,ES,75,11 2548 1700
Joaquim Aragão,Masculino,1993-12-06,da Paz,SE,37,61 0171-3846
Yago Monteiro,Feminino,1991-09-04,Aragão de da Conceição,AP,28,+55 (011) 5857 3447
Francisco da Mota,Masculino,1991-04-04,Silva dos Dourados,AL,69,+55 (051) 2927 6272
Giovanna Sales,Masculino,1978-02-15,Porto,SE,53,+55 51 3057 9581
Rodrigo Teixeira,Feminino,1993-10-07,Ferreira,MS,49,0900-450-9553
Pedro Dias,Masculino,1981-02-18,Carvalho do Campo,AC,31,(041) 4769-8425
Maria Cecília Rezende,Feminino,1995-04-24,Viana,CE,44,+55 61 3772-8401
Maria Alice da Conceição,Masculino,1958-06-26,Alves do Oeste,SE,26,+55 (041) 4340-8096
Igor Lopes,Feminino,1981-03-29,Ferreira dos Dourados,PR,23,(011) 0675 5825
Luiz Felipe da Paz,Masculino,1996-11-22,da Cunha,RN,67,+55 11 4287-1122
Luigi Pinto,Feminino,1992-04-16,Nunes,AL,77,+55 (041) 4016-7891
Eduardo Novaes,Masculino,1948-06-29,Castro,PR,63,(061) 5443-9658
Enzo Gabriel Campos,Masculino,1985-09-13,da Cruz do Sul,RS,25,84 7593 6051
Luigi da Conceição,Masculino,1953-11-30,Castro,ES,61,(041) 7073-9561
Juliana Farias,Feminino,1950-03-30,da Rocha,PR,76,+55 51 7385 4305
Maria Julia Rocha,Feminino,1968-12-11,Peixoto,TO,64,(071) 2671-4148
Paulo Moreira,Feminino,1975-07-03,Moura de Minas,CE,46,+55 71 2221 1260
Vinicius da Paz,Feminino,2003-05-05,das Neves,SP,77,+55 71 4448 7172
Thales da Paz,Feminino,2003-04-22,Cardoso do Norte,CE,19,+55 (061) 5074-4776
Davi Lucca Porto,Masculino,1973-09-23,Gomes de da Costa,MA,33,+55 61 9273 0693
Stephany Peixoto,Feminino,1950-06-30,Santos,AL,39,+55 84 3097 6000
Paulo Cavalcanti,Feminino,1973-08-04,Viana do Campo,TO,43,0900-516-0292
Júlia Dias,Feminino,1989-04-04,Fernandes,PB,28,0900 573 0347
Levi Melo,Masculino,1980-10-11,Silveira do Norte,ES,25,+55 84 9688-4320
Stella Gomes,Masculino,1981-07-26,Moura,PI,78,+55 21 4722-2985
Bárbara Ferreira,Masculino,1983-02-02,Silva do Sul,GO,68,(021) 0546-1305
Rafael Santos,Masculino,1991-01-13,Barbosa Grande,RS,49,+55 (021) 0863-8907
Marcelo Pires,Masculino,1957-02-18,Pereira,MG,50,81 4356-0077
Antônio da Cruz,Feminino,1970-11-23,Cavalcanti da Praia,DF,50,+55 21 3333 6842
Marcos Vinicius Ramos,Masculino,1981-05-28,Fernandes das Pedras,SC,51,(011) 0795 0643
Sophia Dias,Feminino,1954-02-13,Ribeiro,AC,77,41 5062 7551
Stella Teixeira,Masculino,1953-08-15,da Cunha da Serra,DF,21,0300-196-0895
Manuela Vieira,Feminino,2002-12-18,da Luz,RS,50,+55 (041) 1487 6764
Juliana Castro,Feminino,1986-01-27,Souza,RO,79,+55 (071) 4204 4830
Lucas Gabriel Freitas,Feminino,1963-03-16,Barros das Pedras,RJ,62,71 0063 6651
Evelyn Porto,Feminino,1998-11-30,Costela Alegre,AP,48,+55 41 9950 6619
Kamilly Freitas,Feminino,1948-05-28,Peixoto Paulista,PA,30,84 6275-3125
Henrique Silva,Feminino,2004-03-06,da Rocha do Oeste,SP,60,+55 (061) 3488 8101
Ana Luiza Caldeira,Feminino,1957-03-26,Silveira,PI,25,+55 81 7198-5491
Yuri Fernandes,Feminino,2005-04-29,Moreira,AP,50,+55 61 6171 8594
Henrique Carvalho,Feminino,1975-04-02,Gomes da Serra,RN,41,+55 (041) 8464-7049
Luana Peixoto,Feminino,1974-09-24,da Rocha de Minas,GO,69,(051) 2201-8262
Matheus da Mota,Masculino,1961-04-30,da Luz da Prata,PE,51,+55 31 0046-7525
Otávio Silveira,Feminino,1960-05-31,Souza dos Dourados,SP,74,84 5161-7637
Yasmin Castro,Feminino,1946-04-17,Pereira,AC,50,0500 286 9987
Thomas Freitas,Masculino,1985-04-26,Dias,SE,67,0800 998 7962
Sophie Porto,Feminino,1945-08-07,da Cruz Grande,SC,78,(051) 4121 0342
Mariane Barros,Feminino,1955-06-30,Souza do Galho,TO,78,+55 71 4112 0321
Laís Peixoto,Masculino,1990-09-01,Mendes de Gonçalves,RS,51,+55 (081) 6224-5141
Esther Correia,Masculino,1945-04-23,Nunes,PI,28,+55 31 0086 6183
Daniela Jesus,Masculino,1946-03-09,Gomes,RR,74,+55 41 5036-7305
Giovanna Teixeira,Feminino,1996-09-06,Peixoto de Silveira,PB,28,(041) 2021-9339
Alice da Cunha,Masculino,1986-02-18,da Mata,PR,31,(021) 4170-6693
Melissa Pinto,Feminino,1991-05-27,Fernandes dos Dourados,PA,64,81 2702 2650
Maria Alice das Neves,Feminino,1959-12-15,Farias Grande,PA,18,+55 11 3707-7726
Davi Lucas da Mata,Masculino,1986-11-18,da Rosa,AC,54,(011) 4840 0122
Vinicius Barbosa,Masculino,1995-03-17,Cunha,MS,67,+55 (021) 2002 3036
Milena Carvalho,Masculino,1972-08-23,Pinto,PA,41,+55 (061) 0068-2173
Rodrigo Oliveira,Feminino,1981-08-27,da Paz de Almeida,DF,35,(051) 0188-7399
Felipe Nascimento,Masculino,1971-08-17,da Luz da Serra,RJ,26,41 6668-2082
Paulo da Mota,Feminino,1964-08-16,Dias,PE,23,+55 31 7314-9486
Ana Lívia da Cunha,Feminino,1986-04-29,Pereira do Amparo,RN,63,+55 (051) 6075 3650
Pedro Miguel Gonçalves,Masculino,1995-12-17,Barros do Sul,RO,37,11 7659 1107
Maria Clara Oliveira,Masculino,1964-12-16,Porto do Oeste,GO,49,+55 (061) 3559 9840
Isis Monteiro,Feminino,2001-04-01,Barros do Amparo,PB,48,+55 (011) 8064-7503
Marcos Vinicius Cavalcanti,Masculino,1986-10-04,Cavalcanti de Fogaça,AP,48,+55 (051) 0835-0105
Ana Lívia da Paz,Feminino,1977-06-26,Azevedo,RJ,65,0500-827-9989
Milena Moreira,Masculino,1977-01-11,Dias de Martins,BA,30,(011) 4216-1435
Luiz Fernando Melo,Masculino,1968-06-01,Gonçalves do Sul,RJ,57,+55 41 9586-1390
Brenda Pinto,Feminino,1984-06-05,da Rosa Verde,RN,38,(041) 9233-0978
Pedro Henrique Rodrigues,Feminino,1995-08-30,das Neves,AP,51,71 0522-9663
Stephany da Mata,Feminino,1947-02-21,Cardoso do Oeste,PR,69,+55 (081) 9793 6344
Rodrigo Teixeira,Masculino,1981-12-17,Gonçalves,ES,44,51 1105 7577
Maria Julia Moreira,Feminino,1953-05-02,Araújo da Mata,AC,47,21 7388 5079
Pietra Nogueira,Masculino,1981-05-27,Nascimento,MA,60,+55 (051) 1404-2255
Larissa Farias,Masculino,2005-07-04,Jesus da Mata,MT,40,+55 (041) 1236-6977
Alana Novaes,Feminino,2003-01-02,da Cruz,MT,35,(011) 5020 0014
Yasmin Mendes,Feminino,1958-02-12,Carvalho,MG,49,(051) 8166 1373
Maria Luiza da Cruz,Feminino,2002-07-11,Costela,AL,52,+55 (081) 2998 2411
Isis Viana,Masculino,1984-01-24,Fogaça,MS,48,31 7233 8630
Pietro Moraes,Masculino,1946-10-21,Jesus,AM,64,+55 41 5336 1587
Emilly Monteiro,Feminino,1956-08-15,Moura,DF,26,+55 84 5145-3953
Sofia da Paz,Masculino,1960-12-17,Viana,RR,80,31 5921-7678
Vitor Hugo Cavalcanti,Masculino,1961-06-06,Rocha do Campo,PE,66,51 3890 0238
Larissa Cardoso,Masculino,1982-05-03,Ramos,CE,38,(031) 0192-1124
Diogo da Mota,Feminino,1950-01-17,Barros do Amparo,PA,68,+55 (061) 8973-7453
Melissa Gomes,Feminino,1970-09-15,Moraes de Minas,MG,67,(051) 6507 0387
Ana Sophia Duarte,Feminino,1964-04-06,da Mata das Flores,RR,52,+55 (011) 3890 1188
Ana Lívia Lima,Masculino,2000-02-24,Porto,PI,49,41 6938 8133
Marcos Vinicius Souza,Feminino,1979-06-02,Novaes de Goiás,MT,62,+55 (051) 1704 3852
Danilo Rodrigues,Feminino,1969-08-05,Vieira,RO,37,+55 81 9511 5544
Henrique Sales,Masculino,1977-11-30,Rezende,MS,50,+55 (031) 8486 6904
Isaac Cavalcanti,Feminino,1987-12-08,Moura,TO,39,+55 (041) 1707 2985
Pedro Miguel Cunha,Feminino,1966-01-23,da Cruz,SE,23,+55 81 2468-4354
Alexandre Gonçalves,Masculino,2003-06-13,Farias,AM,74,(084) 4820-0467
Maria Barbosa,Feminino,1986-03-21,Cardoso das Flores,AL,70,31 3723 4028
Yuri Duarte,Feminino,1973-08-06,Melo,AM,52,+55 51 0878 7885
Ana Carolina da Paz,Masculino,1961-03-09,Cunha,DF,43,(061) 5907-6552
Anthony Martins,Masculino,1963-01-29,Caldeira,RR,74,21 9183-7608
Luiz Otávio Rocha,Feminino,1982-01-17,Santos de Almeida,MA,77,(084) 1962 3397
Lara Sales,Masculino,1975-05-19,Gomes,ES,44,+55 31 4204 0655
Laís Farias,Feminino,1989-04-23,Campos,RS,46,(071) 1775 8829
Amanda das Neves,Feminino,1992-03-26,Cardoso do Amparo,AC,33,61 0489-9519
João Lucas Alves,Masculino,1969-05-17,da Mata,RN,37,+55 (084) 9617 3831
Mirella Ferreira,Masculino,1980-09-29,Pires de Cunha,RR,52,31 2691-2546
Rodrigo Jesus,Feminino,1948-08-18,Santos,MS,61,+55 (081) 0174 2762
Juliana Novaes,Feminino,1980-06-03,Cavalcanti,AM,56,0900 210 5434
Joana Ferreira,Masculino,1992-04-04,Costela,RN,24,(071) 3941-7509
Ana Vitória Cardoso,Feminino,1963-01-04,Pereira de da Costa,PR,42,(021) 2843 1586
Vicente Santos,Masculino,2002-08-18,Farias,RN,61,+55 51 3022 3484
Larissa Freitas,Feminino,1944-03-12,Teixeira Verde,RJ,70,31 5890 6652
Noah Campos,Feminino,1944-12-05,Santos,RN,30,+55 81 5411-5781
Ana Laura Oliveira,Feminino,1998-11-01,Ribeiro da Prata,PR,46,0900 661 4181
Levi Ramos,Feminino,1994-06-08,Jesus de Caldeira,MT,25,+55 (011) 3208-6353
Antônio Teixeira,Feminino,1996-05-26,Melo,PA,64,51 5407 9273
Luiz Otávio Rodrigues,Feminino,1948-09-04,Barbosa do Campo,MT,45,+55 (041) 0547 9101
Pietra Barbosa,Masculino,1956-02-18,Rocha de Nunes,ES,75,+55 51 0081 1912
Marcela Gonçalves,Masculino,1973-09-15,Azevedo,PR,20,+55 (051) 3118 3031
Carolina Gonçalves,Masculino,1978-11-11,Mendes de Minas,PI,71,+55 (021) 6050 5553
Alexia da Cruz,Masculino,1989-07-12,Alves da Serra,MS,55,84 9241-3920
Maria Cecília Alves,Feminino,1981-09-21,Freitas,GO,69,(071) 8069-7720
Maria Cecília Viana,Masculino,1989-01-10,Aragão,SE,22,+55 81 7878 6979
Otávio Barbosa,Masculino,1967-06-21,da Rocha de Gonçalves,DF,77,+55 (061) 3349 0027
Natália Vieira,Masculino,1947-06-30,Peixoto do Galho,MA,62,(051) 1078-5057
Stella Lopes,Masculino,1975-02-03,Pereira,SP,50,(084) 2261 9281
Luiz Miguel Fernandes,Feminino,1944-06-10,Souza do Oeste,ES,61,+55 11 1474 8176
Luiza Moreira,Feminino,1954-08-25,Pinto do Galho,SC,60,+55 84 8176 2109
Vitor Martins,Masculino,1945-11-24,Santos do Campo,RN,55,71 3869-0137
Benício Rodrigues,Masculino,1948-03-29,Castro,SC,28,(011) 3841-5239
Stella da Conceição,Feminino,1950-11-27,Dias,AM,70,0500-502-9631
Ana Julia Barbosa,Feminino,1956-03-16,Rodrigues,SE,58,71 2504 7810
Maria Julia Santos,Feminino,1998-09-30,Peixoto,MG,65,+55 81 6829-6613
Bianca Moreira,Feminino,2001-01-24,da Cruz,MG,67,0500-802-7012
Vitor Hugo da Conceição,Feminino,1971-03-20,Lima Alegre,AM,41,31 3674 0967
Maria Clara Correia,Masculino,1946-11-11,Santos,AP,21,0300 826 7360
Maria Sophia Martins,Feminino,1984-01-03,Castro de da Rosa,GO,68,41 7350-4070
Rafael Souza,Masculino,1982-01-19,Lopes de Ferreira,RN,77,+55 (081) 4375 9650
Kevin Rodrigues,Feminino,1953-12-05,Lopes do Sul,PR,53,+55 51 4580 5982
Joaquim Farias,Masculino,1972-01-16,Farias de da Costa,PR,26,0500 850 8617
Alana Gonçalves,Feminino,1952-12-07,Jesus da Mata,ES,32,+55 (031) 2141 0621
Nathan Fogaça,Feminino,1948-04-21,Gomes da Serra,DF,21,+55 (011) 7434 2595
Joana Caldeira,Feminino,1988-07-14,Teixeira da Praia,MG,56,0300 051 4187
Maria Fernanda Barros,Feminino,1964-03-27,Pereira,RS,79,+55 84 7985-2155
Rebeca Monteiro,Masculino,1981-08-10,Ribeiro das Pedras,RS,38,(011) 4273-2069
Nathan Nascimento,Masculino,1957-12-09,Duarte de Minas,CE,54,+55 61 0426 8814
Antônio Fogaça,Masculino,1945-05-12,Pereira de Cardoso,RR,52,+55 21 8247 7636
Maria Vitória Pires,Masculino,1981-12-02,Moura de Monteiro,AL,54,0800 185 4753
Sophie Viana,Masculino,1945-04-26,Alves de Pinto,TO,35,+55 (081) 4092 9614
Júlia Costa,Feminino,1973-03-28,Cunha,MT,78,+55 (051) 9168-2487
Danilo Caldeira,Masculino,1991-11-03,da Rocha da Praia,PB,52,+55 (071) 2851-2417
Noah Ramos,Feminino,1949-05-13,Teixeira,CE,26,(021) 0722 0167
Alícia Rocha,Feminino,1969-07-16,Barbosa de Goiás,PE,43,41 3268-0198
Lucca da Conceição,Feminino,1969-09-14,Pires de Correia,MG,46,71 2648-5337
Stella Mendes,Masculino,1994-05-12,Lima do Norte,AP,69,+55 51 8073 2493
Eloah Carvalho,Feminino,1958-01-17,Cardoso da Mata,RJ,27,0900-270-8838
Heloísa Farias,Masculino,1989-05-11,Sales de Goiás,PR,79,84 1505-6876
Kevin da Mata,Masculino,1953-02-17,da Cunha do Oeste,RJ,53,+55 84 5622 1435
Laura da Mota,Masculino,1985-01-12,Duarte do Norte,AM,51,+55 41 6411 7657
Bernardo da Mata,Masculino,1982-02-15,Rodrigues,RJ,37,(084) 8567 4178
Larissa Castro,Feminino,1965-06-20,Caldeira da Prata,MT,19,0900 141 3374
Daniel Lima,Feminino,2003-01-23,Campos de Goiás,PB,76,11 1235-6676
Lucas Gabriel Rodrigues,Masculino,1953-01-10,da Cruz do Oeste,SP,45,(081) 8114 1811
Esther Silveira,Feminino,1987-11-09,Mendes de Dias,BA,53,+55 (071) 8152-5306
Sarah Campos,Feminino,1957-03-31,Silveira,GO,42,+55 (031) 4742-3518
Diego Pinto,Feminino,1962-05-19,Fogaça de Barbosa,MT,76,+55 84 5780 9885
Erick Ferreira,Feminino,1992-12-03,Farias,MG,25,(031) 6354-0294
Noah Costela,Feminino,1980-03-26,Freitas das Pedras,RN,23,(051) 8202-9059
Noah Ribeiro,Masculino,1964-02-15,Oliveira,RS,38,(061) 6583 8817
Sophia da Luz,Feminino,1964-04-17,Nascimento,AC,74,+55 84 2540 5319
Maria Clara da Costa,Masculino,1966-08-01,Moura das Pedras,MG,36,(061) 3291-1272
Beatriz Viana,Masculino,1944-07-09,Gomes,DF,33,+55 (071) 3544-7315
Carlos Eduardo Carvalho,Feminino,1972-03-27,Araújo,GO,56,(011) 4773 4940
Manuela Santos,Feminino,1995-07-28,Moraes Paulista,AL,67,(084) 6652-7032
Clara Martins,Feminino,1977-07-01,Rezende,RJ,22,+55 41 3331 7950
Otávio Silva,Feminino,1989-06-08,Nunes,TO,62,(021) 5715-9317
Lucas Moreira,Masculino,1949-01-26,Jesus,RN,41,0900 804 6459
Bruna Freitas,Feminino,1963-06-14,Correia,PR,47,+55 31 1910-2177
Gustavo Martins,Feminino,1971-05-14,da Cunha Grande,TO,68,0300-443-0414
Júlia Cavalcanti,Feminino,1967-01-04,Rezende,RJ,44,0300 393 6365
Lívia Caldeira,Masculino,1997-04-30,Peixoto dos Dourados,RO,53,+55 (021) 7873-1296
Isabelly Caldeira,Feminino,2002-09-24,Jesus,SP,67,+55 (011) 1721-2570
Davi Vieira,Feminino,1991-07-24,Farias,MG,77,71 4627 1395
Marina Dias,Feminino,1999-06-21,Caldeira,MT,38,+55 81 2994-8439
Lara Nogueira,Feminino,1994-09-24,Melo Grande,MG,20,31 6076 4407
Rebeca da Mota,Masculino,1983-03-28,da Cunha de Araújo,DF,49,0900-057-8954
Isaac da Luz,Feminino,1983-02-23,Carvalho de da Mota,RS,69,41 7378-8251
Rafael Sales,Feminino,1990-08-27,da Rosa dos Dourados,CE,54,(051) 3025 6170
Maria Vitória Melo,Feminino,1966-07-20,da Cunha,PI,22,(011) 1792 0245
Isadora Novaes,Masculino,1980-02-07,Costa,CE,38,+55 51 6615 7162
Yuri Ribeiro,Masculino,1987-03-06,Freitas da Praia,MT,78,+55 31 5113 4120
Maysa Silveira,Masculino,1996-04-16,Oliveira da Serra,PE,43,81 5422-0521
Lorenzo Cavalcanti,Feminino,1964-09-26,Farias,MG,18,+55 (071) 9331 7574
Amanda da Mata,Masculino,1981-06-17,Moraes do Amparo,GO,39,+55 31 7136-3799
Isaac Souza,Masculino,1977-09-01,Novaes,AP,22,(061) 7761-2213
Mariana Lopes,Masculino,1994-06-09,Azevedo de Minas,CE,61,+55 (031) 5743-6599
Marcela Silveira,Masculino,1968-09-08,Gonçalves,CE,58,(084) 1461-6876
Thiago Duarte,Masculino,1954-07-23,Santos Verde,SC,31,+55 (061) 7098 8267
Miguel Ribeiro,Masculino,1999-12-11,Peixoto,MT,50,(021) 3652 2374
Isabelly da Cunha,Feminino,1955-01-08,Costela,AM,74,+55 (071) 2277-8325
Mariana Ramos,Feminino,1980-03-26,da Mota,ES,19,0900 723 8054
Pedro Lucas Aragão,Masculino,1959-05-20,da Rocha,CE,62,+55 (071) 5343 0337
Arthur Almeida,Masculino,1961-06-20,Cavalcanti,PR,54,31 1508-9313
Benjamin da Conceição,Feminino,1994-03-11,Alves de Barbosa,SP,74,11 9724-0639
Alexandre Martins,Masculino,1959-01-15,Barbosa,MT,72,41 5060-4085
Rodrigo Cardoso,Masculino,1995-08-22,Correia Grande,SC,57,+55 71 0874 0116
Catarina Dias,Masculino,1945-12-14,Ramos de Minas,RN,31,41 8201-5838
Fernando Aragão,Feminino,1966-07-27,da Cruz da Mata,AP,42,81 1281 8218
Vitor Gabriel Lopes,Masculino,1953-04-25,da Luz Grande,RJ,23,+55 61 5337 8940
Luiz Fernando Mendes,Feminino,1963-08-09,da Conceição da Praia,MS,72,31 6687 1804
Lucca Souza,Masculino,1971-03-31,Viana de Minas,PB,29,+55 84 0906 0930
Arthur Monteiro,Feminino,2003-12-30,Azevedo,DF,43,81 5326 5055
Maitê Barbosa,Masculino,1975-03-30,Rodrigues,ES,27,+55 (071) 1671-0852
Luna da Mata,Feminino,1995-01-05,da Luz,SP,21,+55 (021) 6166-0920
Luiz Henrique Pires,Masculino,1944-06-26,Rocha,SC,40,(031) 4103-6364
Camila da Luz,Masculino,1968-06-26,da Rocha,SC,64,61 0705 3238
Eduarda Santos,Feminino,1954-08-22,Souza,SC,49,+55 11 3898 5439
Ana Júlia Costela,Masculino,1957-01-31,Moraes da Praia,MG,44,+55 (061) 5303 1643
Erick Viana,Masculino,1980-03-18,Castro,PA,33,0800-844-4931
Mariana Farias,Feminino,1944-11-17,Viana,MS,39,+55 (081) 8993 1446
Luna Pereira,Masculino,2003-08-25,Campos da Prata,TO,28,81 7768-5173
Renan Gomes,Masculino,1997-05-16,Cardoso,RO,65,(051) 6036-4839
Arthur Barros,Masculino,1988-06-16,Almeida do Galho,MS,29,(031) 9915 3082
Milena Azevedo,Masculino,1985-08-23,Ferreira de Nunes,MT,72,0800 712 7175
Bruno Fernandes,Feminino,1987-10-19,Moura,AP,53,+55 71 1751 4700
Luigi Vieira,Masculino,1978-11-24,Cardoso da Mata,SC,72,31 8511 4108
Helena Oliveira,Feminino,1960-02-14,da Rosa,PR,29,+55 61 2154 2679
Eduardo Barbosa,Masculino,1991-01-23,Ferreira,AM,19,+55 (031) 6248 8418
Sarah da Paz,Feminino,1996-08-12,Moreira do Sul,RR,48,+55 (041) 3995-4658
Kamilly Ribeiro,Feminino,1993-07-27,Nascimento,SE,28,+55 11 8484-9830
Enzo Gabriel Azevedo,Masculino,1999-11-10,da Rosa,RJ,29,+55 84 8658 7416
Marina Ramos,Masculino,1985-06-02,Correia da Praia,AL,23,+55 (061) 0177-5874
Maria Vitória Costela,Masculino,1957-01-18,Lopes,SP,51,+55 11 4156-1577
Emilly Lopes,Feminino,1968-03-31,Nunes,PR,75,+55 (061) 5968-6198
Clarice Moura,Masculino,1989-04-23,Sales Verde,RS,64,+55 (021) 1381 2314
Raquel Vieira,Feminino,1998-10-11,Monteiro,SE,20,+55 (071) 9287 1407
Juliana Dias,Feminino,1989-09-26,da Cruz de Nunes,PI,60,71 7085-8089
Murilo Duarte,Masculino,1991-10-05,Pinto da Mata,PA,37,+55 (081) 2986 9924
Eloah Barbosa,Masculino,2001-12-12,Fogaça,RO,20,(061) 8069 1061
Manuela Nogueira,Masculino,1964-11-26,Correia,AM,69,+55 (041) 6847 9819
João Gabriel Azevedo,Feminino,1964-04-27,Vieira,MT,20,(031) 0846-9399
Larissa Ribeiro,Feminino,1960-12-02,Rocha de da Mata,MG,41,81 4820 9592
Carolina Sales,Feminino,1961-04-14,Cardoso,AL,28,+55 (041) 4837 2028
Sabrina Silveira,Masculino,1956-07-09,Barros,SE,64,84 1621-2743
Maria Sophia Ribeiro,Masculino,1977-02-21,Duarte,PE,43,(084) 4280 5148
Luiz Miguel Novaes,Feminino,1948-01-30,Rodrigues de Nunes,MT,46,51 8372 5918
Pietra Aragão,Feminino,1961-04-10,Pinto,BA,37,31 9374 5716
Gabriela da Costa,Masculino,1969-02-02,Lima de Costela,MT,19,+55 84 1190 5781
Ana Beatriz Vieira,Feminino,1944-12-22,Peixoto,RR,54,+55 (071) 0928 5268
Eduarda Rodrigues,Feminino,1944-02-04,Pinto de Goiás,AL,27,0900 073 2085
Nina Barros,Masculino,1988-05-08,Melo de Goiás,MT,36,71 0310-7938
Yago da Rocha,Masculino,1960-10-31,Nunes,MS,36,+55 51 4483 5745
Emanuel Mendes,Feminino,1973-08-27,Castro,BA,75,+55 (021) 3920 5978
Stephany Cardoso,Feminino,1971-04-21,Souza de Rezende,MT,50,0300-060-5640
Kevin Sales,Masculino,1996-09-09,Santos dos Dourados,MS,76,+55 (084) 1739-8397
João Lucas da Paz,Masculino,1993-07-29,Rodrigues,PA,26,+55 (031) 2239 3532
Ana Julia Alves,Masculino,2003-01-22,Ferreira do Galho,PE,19,+55 81 6013 7429
Brenda Castro,Masculino,1992-02-02,Castro,RS,77,51 4822 8673
Bárbara Costela,Feminino,1949-06-09,Peixoto Grande,AC,59,+55 (084) 1591 3225
Luiz Fernando Vieira,Feminino,1961-12-29,Gomes da Praia,BA,72,(081) 1067 7708
Vitor Sales,Feminino,1999-07-20,Farias,RO,47,81 9761-8250
Lucca da Costa,Masculino,1983-03-09,Barros,GO,48,(031) 7708 3820
Murilo Cunha,Feminino,1964-12-15,Duarte de Goiás,DF,33,(084) 8463 4919
Diogo Lima,Masculino,1977-11-07,Lima Paulista,SP,33,+55 21 9160 4946
Agatha Gonçalves,Masculino,2000-04-11,Rocha,MG,78,(071) 8922 6252
Rodrigo da Mota,Masculino,1944-06-27,Oliveira,DF,71,+55 (011) 3697 3344
Mirella Porto,Masculino,1949-04-29,Rocha Paulista,RJ,19,+55 31 3922 5608
Júlia Gomes,Feminino,1991-04-01,da Rocha do Norte,BA,25,(041) 1294 2421
Ana da Luz,Feminino,1951-08-31,Lima Alegre,AC,61,+55 11 7440 8650
Maria Clara Porto,Feminino,1970-12-31,Caldeira,SP,30,+55 (061) 6929-9358
Leandro Peixoto,Feminino,1991-07-16,Oliveira,RN,49,71 7378-2438
Daniel da Mota,Feminino,2003-01-28,Barbosa de Lopes,RJ,56,21 5285-5222
Eduarda Mendes,Masculino,1993-04-27,Vieira Paulista,TO,49,+55 21 1748 1019
Isabella Martins,Feminino,1986-12-10,Cavalcanti,RN,47,(084) 9286 7937
Elisa Ferreira,Masculino,1958-10-17,Nascimento do Galho,GO,51,(031) 4767 7615
João Vitor Cavalcanti,Feminino,1947-03-23,Azevedo,AL,33,0900 226 0944
Thomas Nunes,Feminino,1982-03-13,da Mata,PA,43,+55 (071) 3695 5421
Eloah Aragão,Masculino,2002-03-15,Jesus Verde,CE,57,(071) 7142 4010
Nina da Cunha,Feminino,1994-03-08,Porto,SP,75,+55 11 6685 6421
Enrico Cavalcanti,Feminino,1973-09-24,Dias,BA,49,(051) 6545-2478
Guilherme Lima,Feminino,1991-12-10,Cardoso,AC,73,61 3641-0845
Gustavo Henrique Almeida,Feminino,1966-11-02,Aragão,PE,26,+55 (081) 9636 6040
Marcela Azevedo,Masculino,1946-02-02,Jesus de Mendes,RS,43,(041) 6151 2259
Caio Moreira,Masculino,1989-05-02,Cardoso da Prata,AP,76,+55 (041) 0211 2708
Benjamin Oliveira,Masculino,1960-07-28,Cardoso do Oeste,PI,49,41 1282-3552
Pietro Monteiro,Feminino,1947-04-06,Lopes,RN,43,+55 41 7898-5932
Ana Clara Caldeira,Feminino,1992-09-29,Cavalcanti,GO,76,0500-878-5633
Levi Novaes,Feminino,1975-02-03,Fernandes,DF,77,(051) 8492 6274
João Vitor da Costa,Feminino,1988-04-13,Ribeiro,CE,41,(031) 6670 5954
Vitória Dias,Feminino,1958-05-10,Aragão de da Conceição,AP,21,(031) 0916 6767
João da Rocha,Feminino,2001-05-29,Almeida,MA,65,+55 (051) 0587 4809
Manuela Cunha,Feminino,1972-11-23,Gonçalves de Correia,MG,59,+55 41 8079 3527
Emilly Rezende,Feminino,1975-07-21,Almeida,PE,38,+55 (031) 6853 0093
Enzo Gabriel Silveira,Masculino,1951-06-06,Correia Paulista,AL,25,0300-321-7475
Anthony Vieira,Feminino,1961-02-09,Moura da Mata,AL,21,(071) 7401-8747
Laís Jesus,Feminino,1948-05-01,Oliveira de Ferreira,MT,73,31 6260-9480
Pedro Lucas Barros,Feminino,1944-03-27,Barbosa,RJ,59,+55 84 9873 3744
Thomas Araújo,Feminino,1964-05-04,Silva de Ferreira,RJ,50,11 6925-1001
Stephany da Conceição,Masculino,1955-11-20,Jesus do Norte,SC,69,(041) 7072-3978
Lorena Gomes,Masculino,1972-10-22,Novaes,RJ,58,+55 61 3227 2150
Eduarda Pinto,Masculino,1959-01-30,da Costa das Flores,PB,75,0900-802-1087
Eduardo Rodrigues,Masculino,1957-04-25,Costa,MA,74,+55 (071) 8243 1520
Ana Clara Ferreira,Feminino,1948-08-01,Porto,MG,52,+55 (084) 0214 3461
Stella Mendes,Feminino,1957-11-19,Lopes,AC,42,(084) 2428 1266
Felipe Carvalho,Feminino,1962-06-18,da Luz do Galho,AC,28,+55 (041) 7436 1297
Ana Vitória Vieira,Feminino,2002-11-17,Jesus,CE,75,+55 (011) 5644 3408
Felipe Castro,Feminino,1967-01-25,da Mota de Goiás,AC,48,+55 (061) 3939-2869
Caio Porto,Masculino,1972-04-14,Monteiro da Prata,PE,51,+55 41 1272 1233
Joana Costela,Masculino,1987-11-08,Nogueira,RN,44,+55 31 9926-0749
Manuela das Neves,Masculino,1964-08-23,Souza dos Dourados,PA,21,+55 (084) 8745-3397
Eduarda Farias,Feminino,1961-06-25,Santos,ES,33,(021) 0351-3742
Ana Júlia Ramos,Masculino,1987-08-13,Gonçalves,TO,20,61 0500 9530
Alana Viana,Feminino,1955-01-06,Campos do Amparo,AC,62,71 7607 1852
Antônio Gomes,Feminino,1976-12-01,da Mata Alegre,MS,70,+55 21 3901-8934
Ana da Paz,Feminino,1944-06-14,Pereira de Minas,RN,68,+55 (011) 8687-5799
Gustavo Henrique Barros,Feminino,1955-02-15,da Luz,PR,42,41 6666-7171
Julia Moreira,Feminino,2005-06-28,Nogueira,DF,64,+55 71 7437-9939
Vitória Correia,Masculino,1978-03-14,Moreira,RR,42,41 1711-1672
Valentina Lopes,Feminino,1953-08-25,Duarte Alegre,SP,30,(021) 2535 6831
Ana Beatriz Barbosa,Feminino,1959-03-11,Almeida,SC,53,0300-228-1918
Fernanda Alves,Masculino,1997-06-21,Martins,TO,64,81 2986 8109
Davi Lucca da Paz,Feminino,1953-03-05,da Cunha das Pedras,PR,71,+55 (021) 4849 8866
Kaique Duarte,Masculino,1996-08-25,Teixeira Alegre,SC,53,(011) 9642-4332
Diego Aragão,Masculino,2001-07-19,Silveira das Pedras,CE,32,+55 41 9234 8802
Olivia da Cruz,Masculino,1963-01-09,da Rosa das Flores,AC,21,+55 21 2183 9086
Luiz Fernando Jesus,Feminino,1947-02-18,da Luz,ES,59,+55 (084) 4059-1057
Ana Carolina Rocha,Masculino,1946-03-17,Silva,SE,52,+55 61 4951-7645
Ana Sophia Costa,Feminino,1985-06-04,Sales dos Dourados,RR,78,(061) 6340 1009
Marina Ribeiro,Feminino,1962-08-30,Rezende de Moura,PA,58,41 8905 7475
Pietro Pires,Masculino,1958-01-24,Gomes Grande,MT,75,(084) 7970 7394
Vitória Gonçalves,Masculino,1970-05-05,Carvalho,PI,65,+55 (021) 4954-8833
Olivia Gonçalves,Feminino,1989-03-19,da Rocha,RR,49,+55 81 7340-3712
Isabella Almeida,Masculino,1967-11-09,Porto do Oeste,AP,51,+55 41 4694-2502
Isabelly Barbosa,Feminino,1987-04-13,Rodrigues Alegre,PR,75,+55 61 7356 6159
Joaquim da Mota,Feminino,1996-05-07,Mendes Verde,BA,67,41 7253-6259
Amanda da Conceição,Masculino,1958-02-22,Lima do Oeste,ES,51,+55 51 1687 8867
João Gabriel Gonçalves,Masculino,1948-11-27,Rocha Grande,DF,77,+55 11 2257-2509
Anthony Novaes,Masculino,1984-07-18,da Mota,PA,59,+55 84 8466-2551
Noah Mendes,Feminino,1944-05-11,Carvalho da Serra,SP,18,51 8262 0022
Leonardo Mendes,Masculino,1964-10-17,das Neves,MG,27,+55 (071) 6267 5379
Maria Fernanda Santos,Masculino,1954-07-18,Caldeira do Galho,AM,72,71 3407 0497
João Lucas Rodrigues,Feminino,1955-07-05,da Cruz Verde,RS,56,(041) 5013 3261
Henrique Peixoto,Masculino,1954-12-31,Araújo,MS,43,(031) 8369 4931
Bruno Nogueira,Masculino,1994-04-12,Pinto do Norte,PA,61,+55 84 8903-4121
Bruna Porto,Masculino,1977-01-27,Souza Grande,SE,76,61 9552 9533
Davi Lucas Barbosa,Feminino,1977-03-14,das Neves,ES,43,+55 (081) 2597 0038
Vitor Hugo Castro,Feminino,1980-03-17,da Rocha de Araújo,PB,68,21 3119-9353
Rodrigo Freitas,Masculino,1946-06-20,Rezende Grande,AL,75,+55 61 4212-9953
Levi da Conceição,Masculino,1993-02-20,Moraes,RN,41,+55 (021) 8366 5640
Pedro Henrique da Rocha,Feminino,1986-11-11,Lopes,MT,22,(084) 2958-6074
Ian Almeida,Feminino,1978-09-29,Mendes do Galho,AP,63,+55 11 7196 3833
Fernando Carvalho,Masculino,1964-08-09,Duarte,TO,50,41 1927-6051
Vinicius Farias,Masculino,1957-10-31,Rocha,CE,68,(051) 9342 7640
Rafael Teixeira,Masculino,1951-02-27,Ferreira,PA,71,(011) 0996 6655
João Pedro da Costa,Masculino,1966-12-28,Freitas,PE,77,+55 31 1932-1824
Raquel Viana,Masculino,1946-01-01,Correia,RO,23,+55 31 3836-8632
Vicente Rocha,Feminino,1986-04-22,Cunha,PR,69,61 0525-1424
Luiz Gustavo Ramos,Masculino,1957-03-29,Rocha de Melo,MT,43,+55 21 9688-4876
Enzo da Rocha,Masculino,1974-11-28,Sales,ES,69,+55 51 8457 5358
João Pedro Jesus,Feminino,1951-08-19,Silva do Sul,AL,28,+55 (081) 5622-1787
Bruna Nunes,Feminino,1947-01-11,Barbosa,DF,53,(071) 3670 1223
Sarah da Luz,Masculino,1953-06-23,da Cunha Paulista,RR,55,+55 81 2496 2875
Calebe Nascimento,Masculino,1969-12-16,Peixoto das Flores,ES,18,(061) 1346-2600
Lucas Gabriel Nogueira,Feminino,1946-05-31,Moreira,PI,25,+55 41 4662-2412
Mirella Ribeiro,Feminino,1992-12-20,Viana das Pedras,AL,75,0500 283 9445
Letícia Cunha,Feminino,1998-10-17,Jesus do Norte,RJ,34,41 1683 3281
João da Cunha,Feminino,1966-07-12,Pereira da Prata,MG,41,81 0239 8109
Pedro Lucas Ferreira,Masculino,1980-10-14,Farias,MA,78,81 2795 3852
Leandro Barros,Feminino,2004-05-29,Ramos de Oliveira,TO,31,+55 41 9490-8655
Pedro Correia,Feminino,1974-11-24,Costa,RN,37,+55 71 3815-0447
Brenda Rezende,Masculino,1951-01-10,Silveira de Sales,MA,62,21 4931 4152
Maria Alice Vieira,Feminino,1999-08-11,Alves das Flores,MT,61,31 5005 0935
Fernando Peixoto,Masculino,1958-04-25,da Mata de Goiás,PE,28,71 2626-8008
Emanuella da Cruz,Feminino,1961-09-26,Souza Alegre,PA,49,+55 21 9679-6206
Luiz Miguel Mendes,Masculino,1948-04-15,Gomes,PI,46,(031) 6828-7577
Sarah Pires,Masculino,1976-04-09,da Mota,ES,49,(071) 2369-4580
Eduarda Ribeiro,Feminino,1985-05-13,Caldeira,TO,25,(011) 6408 9834
Fernando Pereira,Masculino,1977-02-04,Campos de Silveira,BA,70,+55 (071) 8032-0314
Cauê Rezende,Masculino,1990-06-14,Barros,RR,34,84 1685-5440
João Pedro Alves,Masculino,1981-03-18,Moreira,RO,60,+55 (011) 3996-6387
Pedro Henrique Silva,Feminino,1968-07-24,Barbosa do Amparo,CE,78,(021) 3090 9809
Igor Teixeira,Masculino,1984-12-16,Rodrigues do Oeste,DF,34,51 3024 0716
Igor Monteiro,Feminino,1983-12-13,Rocha de Minas,RO,54,84 3690 4775
Milena Novaes,Feminino,1958-12-22,Jesus do Sul,PE,74,+55 (061) 3844-8803
Sophia Moraes,Feminino,1952-10-20,Azevedo,DF,79,71 3687 1093
Agatha Fogaça,Masculino,1956-12-12,Alves,RN,64,0300-833-9241
Ian Viana,Masculino,1970-05-31,Farias da Prata,TO,46,84 5538 0420
Eduarda Rocha,Feminino,1996-02-07,Correia,MS,37,61 1770-9631
Felipe Viana,Feminino,1997-01-29,Rocha,ES,33,+55 11 3162 1939
Luiz Fernando da Luz,Masculino,1978-03-26,da Conceição do Norte,PI,33,+55 (021) 4320-3474
João Pedro Monteiro,Masculino,1962-03-19,Moraes,PR,54,(041) 0215 0416
Olivia Silveira,Masculino,1996-11-16,Costela,RN,76,84 9985 2281
Enzo Gabriel Azevedo,Feminino,1981-09-21,Araújo da Praia,SE,38,(041) 0897-7755
Renan Ferreira,Feminino,1950-04-07,Rezende,MG,33,(021) 2865-3856
Maria Luiza Mendes,Feminino,1947-06-07,Porto dos Dourados,AP,65,+55 (071) 5925-1182
Luana Azevedo,Masculino,2003-03-28,da Mota,SE,20,+55 (031) 6610-6168
João Miguel Farias,Masculino,1949-09-06,Farias de Peixoto,PB,54,+55 (084) 1580-4385
Diogo Correia,Masculino,1950-04-05,Pereira de Minas,GO,18,+55 84 2451-1166
Mariane Nascimento,Masculino,1958-07-22,Cunha,ES,18,+55 (061) 1509 4859
Maria Alice Jesus,Feminino,1963-07-18,Jesus da Mata,RR,39,(061) 4974-2238
Arthur Duarte,Feminino,1982-04-22,Nascimento de Ferreira,RS,47,51 1869 2729
Luiz Otávio Nunes,Masculino,1952-01-05,da Mota de da Rosa,SP,52,(051) 4449 4418
Nicolas Rocha,Feminino,1990-06-02,Rezende,GO,55,+55 71 8972 8515
Emanuel Moura,Feminino,1944-08-25,Jesus,SP,66,(051) 1522-8456
Stella Gonçalves,Masculino,1988-11-10,Pereira do Amparo,RN,53,(081) 5528 3838
Felipe Duarte,Feminino,1961-06-14,Moura do Amparo,BA,56,+55 21 4560-4423
Miguel Barros,Feminino,1981-05-30,Mendes das Pedras,RS,68,+55 (071) 3909 9483
Mariana Costa,Feminino,1959-05-06,Almeida,PI,80,11 9832 9055
Isabella Duarte,Feminino,1968-04-25,Cavalcanti Alegre,SP,53,+55 (051) 6381 2123
Lívia Teixeira,Feminino,1955-01-21,Gomes de Minas,MG,55,(081) 8039 3505
Letícia Jesus,Masculino,1970-12-28,da Costa da Prata,ES,28,+55 (061) 0892 4616
Maria Julia Gonçalves,Masculino,1993-05-13,Gonçalves de Gomes,BA,42,0900 172 0472
Maria Sophia Pereira,Feminino,2005-03-25,Cardoso de Jesus,PR,48,+55 (051) 0966 7146
Enrico Azevedo,Feminino,1986-04-30,Pires,MG,39,0300-863-3948
Anthony Moraes,Masculino,1964-12-11,Cardoso,PB,75,(081) 1180-3488
Emanuelly das Neves,Masculino,1948-11-12,Silva,TO,71,(081) 7806-1698
Marina Silveira,Masculino,1959-12-10,Alves,AP,67,51 7890 3902
Pedro Lucas Caldeira,Feminino,1964-03-13,Moreira,MS,19,41 9345-9321
Cecília Lopes,Feminino,2004-12-05,da Cunha de da Conceição,BA,52,(011) 2778 0997
Sophie Costela,Feminino,1966-12-04,Castro da Serra,AL,53,0300-087-6727
Vitor Hugo Teixeira,Masculino,1976-09-10,Rezende do Oeste,RN,36,(061) 2011-9110
Gabriela Araújo,Masculino,2001-02-16,Cunha de das Neves,BA,62,(061) 7691 3461
Melissa Cardoso,Feminino,1998-02-02,da Cunha,PE,54,0900-177-8202
Valentina da Conceição,Masculino,1958-05-23,Pinto,BA,44,+55 (021) 5042-4931
Lorena Silva,Feminino,1958-01-25,Rezende,RN,46,(051) 0019-8132
Kaique Rodrigues,Masculino,1975-02-06,Nascimento do Sul,BA,19,0900 046 5113
Caio Gomes,Masculino,1978-03-09,Vieira,AP,63,(041) 7810-6164
Thales Carvalho,Feminino,1987-09-13,da Mata,PA,56,31 6139 9821
Agatha Cardoso,Masculino,1970-08-15,Almeida Paulista,AP,65,+55 31 0226 7769
Sophie Vieira,Masculino,1973-09-07,Rodrigues,RS,61,(011) 9330-2513
Isabelly da Mota,Masculino,1947-10-12,Viana de Azevedo,MS,43,(011) 8118-8522
Pietra Nascimento,Masculino,1948-08-29,Fogaça dos Dourados,MS,38,+55 (011) 5519-4424
Ana Sophia da Rosa,Feminino,1984-01-30,Lima do Norte,RO,68,31 3866 1672
Leandro Cardoso,Feminino,1983-12-04,Cardoso,MT,70,+55 (071) 7106 8552
Vinicius Novaes,Masculino,1977-05-06,Cunha,AM,52,+55 (021) 6524 1536
Esther da Cruz,Masculino,1944-08-06,Barbosa,DF,50,+55 21 7658 6762
Theo Lopes,Masculino,1945-03-24,Rodrigues,RR,21,+55 84 9536-7943
Daniela Ferreira,Feminino,1987-06-04,Pereira do Norte,AL,39,+55 (051) 3639 9749
Davi Luiz Rezende,Masculino,1957-11-10,Viana,CE,52,0300 450 6482
Juliana Santos,Feminino,1995-12-30,Ribeiro,AL,40,+55 (031) 8613 7959
Igor da Mota,Masculino,1976-03-10,da Rocha do Campo,ES,29,+55 (021) 2057-4370
Leandro Silveira,Masculino,2004-09-12,Cardoso,PB,52,0900 362 4855
Pietro Nascimento,Feminino,1946-01-31,Correia,RO,73,+55 61 2693 2773
Davi Lucas Nunes,Masculino,1956-06-28,Melo,AC,70,+55 (071) 0507 1559
Guilherme Silva,Feminino,1980-10-11,Porto dos Dourados,MT,72,+55 21 3325 2680
Natália Fernandes,Masculino,1957-01-14,da Cunha de Teixeira,MT,66,(041) 0486-7221
Maria Alice Souza,Masculino,1968-07-05,da Cunha das Flores,DF,44,84 0104-2784
Murilo Araújo,Masculino,1975-01-27,Almeida do Campo,RR,79,84 9156-9333
Clarice Silva,Feminino,1996-09-17,Teixeira do Sul,MS,35,+55 51 9726 9557
Lívia Silva,Masculino,1974-02-09,Cardoso,SP,55,+55 (031) 5179-3296
Rafael Alves,Masculino,1969-04-22,Campos,MA,49,+55 (051) 5041-8294
Larissa Cardoso,Masculino,1963-06-15,Viana,BA,37,(021) 7510 0811
Antônio da Mota,Masculino,1947-02-10,Mendes,SE,24,(061) 8187-7685
Arthur Ferreira,Masculino,1998-02-03,Melo Verde,BA,40,41 6370-7925
Augusto Teixeira,Masculino,1974-08-03,Carvalho,DF,58,+55 61 2795 6449
Catarina da Mata,Feminino,1962-03-16,Azevedo,MG,80,+55 84 4222-7589
Larissa da Rocha,Feminino,1948-02-22,Moraes,SP,28,(081) 4869 4553
Pedro Henrique da Cruz,Feminino,1986-02-27,Teixeira,AC,31,0500-417-0222
Lucas Ferreira,Feminino,2005-09-11,Caldeira de Araújo,GO,35,(084) 5619 6392
Ryan Azevedo,Feminino,1993-03-30,Sales,GO,61,(051) 5800 7507
Yuri Pinto,Feminino,1954-11-16,Gomes de Novaes,RR,45,+55 (041) 7913 3624
Ana Clara Moraes,Feminino,1944-03-01,Melo,PI,33,+55 (031) 5170-8661
Isabel Peixoto,Masculino,1944-11-22,Ramos Paulista,SP,40,+55 51 2282 8755
Pedro Henrique Ramos,Feminino,1953-05-27,Azevedo do Amparo,AM,21,+55 (051) 7738-1880
Caroline Souza,Masculino,1951-01-12,da Cruz,AL,71,+55 81 6275 5061
Laura da Rosa,Feminino,1990-02-15,Porto do Sul,MT,46,+55 (011) 6707 9884
Nicolas Moreira,Feminino,1988-02-02,Moura,SE,50,(021) 1759-4527
Ana Lívia Fogaça,Masculino,1950-11-28,Ribeiro,PR,39,(031) 3245 2985
Ana Clara Monteiro,Feminino,1961-01-19,Peixoto,RR,29,71 9418 8694
Pedro Costela,Feminino,1943-10-09,Jesus de Goiás,PI,32,0300 134 0551
Nathan Lima,Masculino,1960-11-30,Carvalho da Mata,RO,35,(011) 4592-9144
Breno Moura,Feminino,1949-04-24,da Mota,MS,72,(061) 7188-2971
Emanuelly Ribeiro,Masculino,1942-10-29,Oliveira,AP,36,0300-232-6792
Pedro Teixeira,Masculino,1990-10-09,Pinto de Castro,PI,23,(011) 1213-8436
Eloah Nunes,Masculino,1968-02-24,Pires,AL,48,(081) 3750-5301
Yuri da Rosa,Feminino,1952-01-15,Carvalho do Amparo,MA,60,0500 495 9794
Luiz Henrique da Mota,Masculino,1990-06-04,Jesus,RN,51,(071) 5857 7884
Maria Clara Fogaça,Feminino,1980-10-05,Azevedo,ES,80,(021) 4522 4892
Luiz Fernando Barros,Feminino,1994-04-01,Campos do Oeste,DF,26,(031) 2425-4384
Bernardo Gonçalves,Masculino,1983-06-29,Nascimento,DF,48,(071) 8469 7274
Giovanna Silveira,Masculino,1983-07-18,Freitas de Goiás,BA,40,(031) 4961 1763
Vitória Jesus,Feminino,1976-11-06,Sales,SC,37,71 2697-5373
Caio Farias,Masculino,2002-01-30,Araújo das Flores,PR,34,0800 738 0534
Catarina Vieira,Feminino,1959-11-20,Pereira de Santos,PB,56,(021) 1965-2473
Bianca Rocha,Masculino,1995-07-25,Costa de Minas,PA,70,21 0924-6558
Davi Santos,Masculino,1991-07-08,Ferreira,RO,32,21 7865 5249
Thomas da Mata,Feminino,1951-09-03,Oliveira,TO,35,71 4444-9987
Marcos Vinicius Barbosa,Masculino,1968-12-23,Cardoso de Ferreira,AP,54,41 8884 1664
Daniel Melo,Feminino,1958-03-28,Farias,AL,36,+55 84 6926 0098
Erick Porto,Feminino,1972-10-08,Ramos de Peixoto,BA,29,0800-893-7032
Bryan Rodrigues,Masculino,1970-08-01,Santos,ES,30,+55 (031) 9170 1780
Eduarda Caldeira,Feminino,1946-05-24,Alves Alegre,RO,24,+55 84 4274 7749
Stephany Fogaça,Masculino,1982-05-08,das Neves da Serra,SE,19,61 4824-6323
Ian Ribeiro,Feminino,1990-10-15,da Mota do Amparo,MS,39,31 0736-8026
Carlos Eduardo Ribeiro,Feminino,1976-09-24,Martins da Serra,PB,34,31 4147 0991
Carlos Eduardo Barros,Masculino,1993-12-04,Peixoto,CE,24,+55 (041) 0419 2543
Beatriz Rocha,Masculino,1972-09-28,Gonçalves,PE,41,(011) 3245 9817
Ana Sophia Lima,Masculino,1955-04-02,Nogueira,MG,59,0900 122 7796
Letícia Silveira,Feminino,1963-03-03,Almeida de Goiás,CE,32,+55 (081) 7834-1499
Diego da Rosa,Feminino,1949-10-24,Ferreira de Dias,CE,27,(031) 6315-8379
Leandro Silveira,Feminino,1981-12-07,Cavalcanti,ES,36,81 5887 1436
Alícia Moura,Masculino,1978-05-15,Cardoso do Galho,SP,67,+55 21 2096 8303
Alana Sales,Feminino,1973-01-24,Campos de da Paz,MT,55,21 2037-9647
Thiago Fogaça,Masculino,1983-07-25,Fernandes Verde,RJ,74,61 9177-0032
Agatha Rocha,Masculino,1948-10-01,Oliveira do Sul,MA,52,0300-366-9521
Yuri Nascimento,Masculino,1963-03-30,Lima da Prata,RS,74,71 5948-5318
Davi Luiz Moreira,Masculino,1964-09-20,da Luz,MT,46,+55 51 6880 7123
Bernardo Mendes,Masculino,2000-08-08,Caldeira da Serra,AM,60,(061) 6493 5194
Luiz Gustavo Fogaça,Masculino,1968-07-01,Nunes,RS,23,+55 11 2383-3981
Ana Lívia da Luz,Feminino,1962-04-05,Pereira,MG,58,+55 84 6741-5317
Alice das Neves,Masculino,2003-09-25,Rocha,MA,47,11 4763 8132
Erick Ferreira,Masculino,1958-05-08,Cunha,PB,47,+55 51 0194 3430
João Vitor Moura,Masculino,1958-01-06,Farias das Flores,RR,71,61 3999-1006
Maria Fernanda Fogaça,Masculino,1962-01-15,da Rocha,AM,19,84 3325 9844
Lara Dias,Feminino,1991-01-25,Correia,CE,70,0500 351 6066
Pedro Pinto,Feminino,1958-12-16,Silveira,SE,34,0500-277-4864
Bryan Rocha,Feminino,1978-05-22,Rodrigues,MG,32,0800 308 0722
Luiz Fernando Mendes,Masculino,1957-02-20,da Rocha Verde,SE,61,21 4097 2993
Luiz Otávio Dias,Feminino,1969-09-12,Sales da Serra,PB,69,0500 227 6949
Noah da Cruz,Feminino,1944-02-18,Monteiro,AC,27,+55 (084) 7480 5083
Henrique Nascimento,Feminino,2004-12-21,Costa,RS,56,+55 (081) 8248 2004
Lucca Viana,Masculino,1974-05-03,Souza do Sul,SC,62,(071) 6880-9184
Benjamin Souza,Masculino,1966-10-01,Santos da Praia,PE,50,0500 782 7159
Lucas Caldeira,Masculino,1969-11-16,Moraes,AP,37,(071) 5752 9107
Ryan da Luz,Masculino,1965-02-04,Alves,PE,45,+55 61 5290-9337
Luiz Otávio Barbosa,Masculino,1959-06-25,da Cruz,DF,76,+55 (031) 9691-7543
Daniel da Costa,Masculino,2004-07-12,da Mota do Sul,MG,52,+55 71 0414-5939
Mirella Sales,Masculino,1946-11-05,Rodrigues de Rodrigues,MT,53,+55 (081) 3176-4442
Letícia Cavalcanti,Feminino,1946-09-08,Cavalcanti dos Dourados,CE,28,(084) 1842-4919
Augusto Pires,Feminino,1964-03-30,Azevedo,PB,18,+55 61 3521-1464
Matheus Monteiro,Masculino,1967-11-28,Vieira,RJ,44,61 7327-0139
Lorena da Conceição,Feminino,1999-08-31,Costa,RN,69,(041) 3519 3964
Davi Lucca Azevedo,Masculino,1959-09-06,Melo,MS,29,+55 (071) 0487-5273
João Mendes,Masculino,1942-12-02,Porto do Amparo,MS,29,61 9818 8063
Felipe Rodrigues,Feminino,1958-08-09,Cardoso,RO,40,61 3247 7174
Pietro da Rosa,Masculino,1955-10-07,Lopes,AP,68,+55 81 1237 5409
Benício Melo,Masculino,1985-09-27,Barbosa,GO,43,+55 (031) 8735-0179
Bernardo Silveira,Masculino,1947-08-30,da Rocha,AP,21,+55 41 7172-0509
Stella Silva,Feminino,1950-09-13,da Conceição Alegre,MT,21,31 6160 9225
Daniela Aragão,Feminino,1957-06-05,das Neves de Fernandes,MA,30,+55 21 5930 7713
Lucca Duarte,Masculino,1953-03-01,Rezende da Serra,MT,35,+55 21 1222 0798
Benício Cardoso,Feminino,1969-09-23,Silva,MA,46,+55 51 0681 4148
Lorenzo Almeida,Masculino,1954-06-16,Oliveira,MG,71,+55 (011) 7551-0977
Mirella Rodrigues,Masculino,1989-11-24,Santos da Prata,TO,34,+55 21 6043-7091
Elisa Porto,Masculino,1947-07-21,Gomes de da Luz,PR,59,0500 174 1564
Vitor Nascimento,Masculino,1995-06-11,Novaes,MG,75,51 7708 7061
Marina da Luz,Masculino,2000-07-25,Ferreira,PI,63,81 3429-1428
Thomas Alves,Feminino,1973-03-28,Lopes,GO,75,(051) 0392 6126
Sabrina Viana,Masculino,1968-08-25,Castro Grande,PR,25,+55 61 7477-1468
João Pedro da Costa,Masculino,1948-06-15,das Neves,SP,21,0900 196 0696
João Caldeira,Masculino,1950-08-11,Caldeira,GO,23,21 8681-0916
Felipe Nascimento,Feminino,1944-03-16,Pereira das Pedras,AM,51,(031) 4271-6940
Bruna Vieira,Masculino,1999-06-19,Martins de Souza,ES,68,51 6332 5224
Brenda Souza,Feminino,1980-03-18,da Rocha,RN,54,+55 (051) 5676 6221
Stephany Ferreira,Feminino,1983-04-24,Alves da Serra,RS,75,84 1491-3366
Anthony Farias,Masculino,1988-07-22,Araújo Verde,PE,23,+55 84 3268-1645
Pietro Teixeira,Feminino,1950-02-11,Rezende,MS,63,+55 (031) 4081-4777
Ana Julia Lima,Feminino,1965-07-28,Rezende Verde,BA,29,31 4478 7195
Olivia Souza,Masculino,1975-12-05,da Paz da Serra,MA,74,+55 (051) 0318-8519
João Lucas Rezende,Masculino,2000-05-07,da Conceição da Prata,ES,35,+55 (061) 1983-9329
Marina Teixeira,Masculino,1947-06-23,Vieira,RJ,51,81 5976-3115
Alice da Rosa,Masculino,1982-11-25,das Neves,PA,43,21 3731-2926
Thiago Barbosa,Masculino,1953-05-31,Novaes das Flores,CE,35,0500-100-2179
Vitor Gabriel Correia,Feminino,1992-09-26,Castro de Campos,PB,42,11 9706-3744
Diogo Cunha,Masculino,1947-10-20,Moraes,CE,63,+55 11 5810-9736
Maitê Gomes,Feminino,1987-09-10,Azevedo da Serra,BA,54,+55 (084) 2651 5926
Marcelo Barros,Masculino,1985-06-01,Azevedo,MS,60,(071) 6072-2122
Catarina Gonçalves,Feminino,1979-12-12,Ribeiro de Goiás,MA,64,(011) 0458 7211
Ana Clara Carvalho,Masculino,1985-09-09,Sales de Correia,AL,24,+55 11 2594 2925
Juliana da Luz,Masculino,1988-11-08,da Rosa,MA,72,+55 84 3177 4442
Yago Ferreira,Feminino,1980-07-16,Pires do Norte,MA,25,31 7206 0443
Isadora Costa,Feminino,1945-08-20,Alves,PB,19,+55 61 9321 9588
Juan Lopes,Masculino,1955-11-28,Cardoso da Mata,PI,68,+55 81 5366-4593
Alexia Araújo,Masculino,2002-06-14,Caldeira de Alves,TO,37,(021) 6302 6029
Antônio Gonçalves,Feminino,1976-11-09,Lima,PR,77,+55 84 1386 1562
Evelyn Alves,Masculino,1957-08-10,da Costa Paulista,GO,52,(084) 8315 1086
Levi Gonçalves,Feminino,1996-11-27,Correia da Praia,BA,39,+55 (031) 9313 6151
Vitor Silva,Feminino,1993-02-21,Nogueira,SC,53,(051) 9579-8694
Maria Eduarda Nunes,Feminino,1955-10-13,Costa,BA,35,11 7217-3325
Manuela Monteiro,Masculino,2004-12-30,Peixoto,ES,45,(061) 8933-4793
Isis Fernandes,Feminino,1999-09-21,Cavalcanti de Rodrigues,MG,23,+55 41 2096-8150
Daniela Nogueira,Feminino,1963-07-23,Pires Grande,AC,40,71 3352-0126
Davi Lucas Castro,Masculino,1956-09-08,Nogueira,PE,72,(061) 6970-7892
Cecília Jesus,Masculino,1966-04-30,Cardoso,SE,67,+55 41 3997-3459
Lucas Gabriel Alves,Masculino,1962-05-01,da Conceição Alegre,BA,43,0800-318-1993
João Guilherme Freitas,Feminino,1995-07-02,Martins Paulista,PE,29,(071) 9551-9008
Ana Julia da Mota,Masculino,1994-03-30,Dias,DF,64,84 8870-5971
Luiz Otávio Aragão,Feminino,1990-03-01,Jesus da Serra,GO,46,+55 71 9997 6921
Luiza Moreira,Masculino,1992-03-15,Rodrigues do Oeste,AP,58,+55 (021) 7776 2634
Júlia Moura,Feminino,1948-03-12,Costa do Norte,MT,78,0800 017 5841
Maria Cecília Farias,Feminino,1965-09-07,Vieira do Oeste,SE,30,(081) 1155-5426
Ana Carolina Oliveira,Feminino,1952-04-03,Silva,MT,59,+55 84 1435 2280
João Lucas da Cunha,Feminino,1984-10-14,Azevedo,CE,20,11 5511-1393
Raul Pinto,Feminino,1953-01-17,Jesus de da Costa,PE,46,21 9579-6015
Calebe da Rosa,Feminino,1981-03-08,Silva,SC,39,(081) 5431-1879
João Pedro Ribeiro,Feminino,1965-04-06,Almeida de Minas,PA,46,+55 (061) 4040 9340
Carolina Alves,Feminino,1987-02-12,Moraes de Dias,RJ,32,21 1853-1483
Davi Lucas Jesus,Masculino,1947-03-14,Peixoto do Sul,RO,56,+55 31 3459-8729
Isabelly Viana,Masculino,1956-10-13,da Conceição de Ramos,PE,29,+55 (031) 0212 6636
Bernardo Vieira,Feminino,1979-03-27,Sales,SC,53,+55 (061) 0965-7415
Gustavo Henrique Aragão,Masculino,1973-05-29,Castro,RR,78,+55 11 1394-3599
Nicolas Cardoso,Masculino,2002-12-18,Vieira do Amparo,AC,65,+55 84 0290-3496
João Lucas das Neves,Feminino,1950-11-26,Novaes Grande,SE,29,0500-120-8712
Brenda Campos,Masculino,1990-07-16,Teixeira de da Cunha,MT,71,(051) 0437 7228
Brenda Correia,Masculino,1995-02-15,Moraes de Mendes,MG,38,+55 (051) 2824 1224
